,user_id,user_screen_name,user_description,user_follower_count,user_friend_count,user_account_creation_date,user_tweet,fakebot_screen_name
0,2892439622,üòÇLIBERALSAREü•úü•úü§™‚≠êÔ∏è‚≠êÔ∏è‚≠êÔ∏è,üá∫üá∏#Patriot üá∫üá∏ #MAGA #QArmy #WalkAway #WWG1WGA #TrumpTrain #NoDACA #BuildThatWall #FakeNews #MOAB #InternetBillOfRights #IBOR #QAnon #VoteRedToSaveAmerica,7328,7917,2014-11-07 03:56:36,@f196867 @marklatelle8 @mikebonnel @usedupcop @PaulBochamp @Up_Yours2 @ClayMMA1 @RidenHood1 @usvetram‚Ä¶ https://t.co/baW2p4iAZl,Politweecs
1,370365178,Loren F,"American, Christian, Conservative.Happily married to a feisty woman. Proud father of 2. I follow everyone back except liberals, cuz they're nuts . Müá∫üá∏Güá∫üá∏",6300,6697,2011-09-08 22:16:27,RT @TRUMPTARIAN: @citizenx1320 @GeraldYak420 @ArieFriedman @jwsnyder00_john @KCarslin @TheFoundingSon @WDFx2EU7 @DutchWarrant @CarmineZozzo‚Ä¶,TheFoundingSon
2,4740364893,Trumpeter Cannon,Irish/Italian AMERICAN way before the Potato Famine of the Isles.,302,395,2016-01-08 02:51:04,@citizenx1320 @GeraldYak420 @ArieFriedman @jwsnyder00_john @KCarslin @TheFoundingSon @WDFx2EU7 @DutchWarrant‚Ä¶ https://t.co/IfyxOzDvyd,TheFoundingSon
3,4740364893,Trumpeter Cannon,Irish/Italian AMERICAN way before the Potato Famine of the Isles.,302,395,2016-01-08 02:51:04,@SarCatStyX @Leslieannscott @katerabenaldt @MAGA_Mack @peacemaker4u @gerfingerpoken @MiltonWolfMD @SandraTXAS‚Ä¶ https://t.co/1ihqvAG7wI,TheFoundingSon
4,2908621273,Mariaüåπ,"‚ñ™Ô∏èWife‚ñ™Ô∏èMother‚ñ™Ô∏èDaughter‚ñ™Ô∏è My interests include horror, hockey, sharks, writing, surrealism & movies where people run a lot. Dark Tower junkie. ‚û°Ô∏è#RESIST.‚¨ÖÔ∏è",2118,2150,2014-11-24 01:53:59,"The Russian troll @blackmattersus has been suspended, but just keep in mind that there are still many of these Russ‚Ä¶ https://t.co/agLzMg76qJ",blackmattersus
5,381971674,"Rhonda Little, MD",Critical thinker. Tweets/retweets are not medical advice and not necessarily a personal opinion.,3187,4969,2011-09-29 08:15:14,RT @lovetogive2: @BenefitVBurden @mikefarb1 @RVAwonk @MLive @MLiveDetroit @Monte_Alto @MtnMD @MuskegonChron @freep @DetroitDailyNew üëâ#Romne‚Ä¶,DetroitDailyNew
6,482529659,Lovetogive2,A supporter of our Democracy! #GOPComplicit #ElectionFraud #ProtectOurVotes #LeaveCrosscheck #TrumpRussia #FarRightCoup #TheResistance #ShePersists #WaterIsLife,9338,10252,2012-02-04 01:06:40,RT @lovetogive2: @BenefitVBurden @mikefarb1 @RVAwonk @MLive @MLiveDetroit @Monte_Alto @MtnMD @MuskegonChron @freep @DetroitDailyNew üëâ#Romne‚Ä¶,DetroitDailyNew
7,482529659,Lovetogive2,A supporter of our Democracy! #GOPComplicit #ElectionFraud #ProtectOurVotes #LeaveCrosscheck #TrumpRussia #FarRightCoup #TheResistance #ShePersists #WaterIsLife,9338,10252,2012-02-04 01:06:40,RT @lovetogive2: @iamsarabourne @BenefitVBurden @mikefarb1 @RVAwonk @MLive @MLiveDetroit @Monte_Alto @MtnMD @MuskegonChron @freep @DetroitD‚Ä¶,DetroitDailyNew
8,911242297,Sara Chirico,"wife, proud mom with 5 precious grandkids .... would love more kindness in our world #TRUMPRUSSIA #PaperBallots #Treasongate
#PAMFAM",582,1454,2012-10-28 22:30:21,RT @lovetogive2: @BenefitVBurden @mikefarb1 @RVAwonk @MLive @MLiveDetroit @Monte_Alto @MtnMD @MuskegonChron @freep @DetroitDailyNew üëâ#Romne‚Ä¶,DetroitDailyNew
9,482529659,Lovetogive2,A supporter of our Democracy! #GOPComplicit #ElectionFraud #ProtectOurVotes #LeaveCrosscheck #TrumpRussia #FarRightCoup #TheResistance #ShePersists #WaterIsLife,9338,10252,2012-02-04 01:06:40,RT @lovetogive2: @iamsarabourne @BenefitVBurden @mikefarb1 @RVAwonk @MLive @MLiveDetroit @Monte_Alto @MtnMD @MuskegonChron @freep @DetroitD‚Ä¶,DetroitDailyNew
10,482529659,Lovetogive2,A supporter of our Democracy! #GOPComplicit #ElectionFraud #ProtectOurVotes #LeaveCrosscheck #TrumpRussia #FarRightCoup #TheResistance #ShePersists #WaterIsLife,9338,10252,2012-02-04 01:06:40,RT @lovetogive2: @iamsarabourne @BenefitVBurden @mikefarb1 @RVAwonk @MLive @MLiveDetroit @Monte_Alto @MtnMD @MuskegonChron @freep @DetroitD‚Ä¶,DetroitDailyNew
11,482529659,Lovetogive2,A supporter of our Democracy! #GOPComplicit #ElectionFraud #ProtectOurVotes #LeaveCrosscheck #TrumpRussia #FarRightCoup #TheResistance #ShePersists #WaterIsLife,9338,10252,2012-02-04 01:06:40,RT @lovetogive2: @BenefitVBurden @mikefarb1 @RVAwonk @MLive @MLiveDetroit @Monte_Alto @MtnMD @MuskegonChron @freep @DetroitDailyNew üëâ#Romne‚Ä¶,DetroitDailyNew
12,1044554880109735941,Cowboyz 4 TRUMP,"President Trump: By far THE BEST PRESIDENT IN ALL OF AMERICAS HISYORY! Clinton's, Obama's & the deep state MOST CORRUPT IN ALL OF AMERICAS HISTORY! BAN MUSLIMS!",1519,1587,2018-09-25 11:51:05,"RT @keg2014gek: @mensamule1 @10_gop @Trump45Michael #Heroes sometimes come home in a casket, and sometimes 22 of them take their lives a da‚Ä¶",10_gop
13,2920257085,KENNETH E GILBERT IIüó®,"https://t.co/aSjBMEX0eP‚Ä¶
I am in LOVE #TravelAlaska  
The hardcore news!
prima facie evidence verify whatsapp 907-942-0397
https://t.co/UUbgOSvcUO‚Ä¶",15514,14518,2014-12-06 05:03:41,"RT @keg2014gek: @mensamule1 @10_gop @Trump45Michael #Heroes sometimes come home in a casket, and sometimes 22 of them take their lives a da‚Ä¶",10_gop
14,3167639097,nancy green,"retired flight attendant , conservative, Christian. mom of two. world traveler, army brat.6th generation Texan MAGA",5238,3438,2015-04-15 00:56:18,"RT @keg2014gek: @mensamule1 @10_gop @Trump45Michael #Heroes sometimes come home in a casket, and sometimes 22 of them take their lives a da‚Ä¶",10_gop
15,784509479156981760,mimi aloha,"Love God, hubby, family, friends, my cats Milo and Melo and Clyde our bloodhound. Absolutely love our country, military and all Trump supporters. MAGA",2830,2291,2016-10-07 21:43:30,"RT @keg2014gek: @mensamule1 @10_gop @Trump45Michael #Heroes sometimes come home in a casket, and sometimes 22 of them take their lives a da‚Ä¶",10_gop
16,906955382505041921,Tx MAGAGAL üá∫üá∏üëçüèªDreambuilderüëçüèªüá∫üá∏,"Texas Bldg Contractor love God, my husband and family and America. Military ,LEO have my fullest support. Truth Matters. Support Trump #MAGA No List, No inbox",16519,17008,2017-09-10 18:59:48,"RT @keg2014gek: @mensamule1 @10_gop @Trump45Michael #Heroes sometimes come home in a casket, and sometimes 22 of them take their lives a da‚Ä¶",10_gop
17,955940127817195520,Vickie4TRUMPüá∫üá∏I Am the NRAüá∫üá∏‚≠ê‚≠ê‚≠ê,"#2A #1A  #Trumptrain 
vickie_findley. twitter wiped due to release the memo #MAGA #KAG #NRA  SEMPER Fi  Veterans 1st
üá∫üá∏üá∫üá∏üá∫üá∏üá∫üá∏üá∫üá∏üá∫üá∏üá∫üá∏üáÆüá±üáÆüá±üïá‚ú°",17399,17966,2018-01-23 23:07:41,"RT @keg2014gek: @mensamule1 @10_gop @Trump45Michael #Heroes sometimes come home in a casket, and sometimes 22 of them take their lives a da‚Ä¶",10_gop
18,1015682996744093697,Tug Master,"Proud American 
Merchant Mariner 
NRA Life Endowment Member 
Lover Of The Outdoors 
Former Mounted Police 
Republican 
MAGA

MBA William Carey College",6991,7490,2018-07-07 19:44:31,"RT @keg2014gek: @mensamule1 @10_gop @Trump45Michael #Heroes sometimes come home in a casket, and sometimes 22 of them take their lives a da‚Ä¶",10_gop
19,788251534840717312,NOPE TO GROPE (N2G),üíóüóΩ2 BKLYN NYC #Democrats in the #resistance. We march & carry awesome signs & #resist the #GOP #Trump #Repubs & #NRA. We are the #BLUEWAVE #BlueTsunami  üóΩüíó,1405,3676,2016-10-18 05:33:05,"RT @boness_jim: @michaelloanfind @KaniJJackson @michaelobama69z @HillaryClinton @DNC Michael, our country has always had open borders, no w‚Ä¶",KaniJJackson
20,788251534840717312,NOPE TO GROPE (N2G),üíóüóΩ2 BKLYN NYC #Democrats in the #resistance. We march & carry awesome signs & #resist the #GOP #Trump #Repubs & #NRA. We are the #BLUEWAVE #BlueTsunami  üóΩüíó,1405,3676,2016-10-18 05:33:05,"RT @boness_jim: @michaelloanfind @KaniJJackson @michaelobama69z There  are a lot of people like you. Your facts are misguided.
You will bel‚Ä¶",KaniJJackson
21,788251534840717312,NOPE TO GROPE (N2G),üíóüóΩ2 BKLYN NYC #Democrats in the #resistance. We march & carry awesome signs & #resist the #GOP #Trump #Repubs & #NRA. We are the #BLUEWAVE #BlueTsunami  üóΩüíó,1405,3676,2016-10-18 05:33:05,RT @boness_jim: @michaelloanfind @KaniJJackson @michaelobama69z @HillaryClinton @DNC if Clinton committed felony‚Äôs she would have been indi‚Ä¶,KaniJJackson
22,849762675152367620,„Ö§„Ö§„Ö§„Ö§„Ö§„Ö§„Ö§„Ö§„Ö§„Ö§„Ö§„Ö§„Ö§„Ö§„Ö§„Ö§„Ö§„Ö§„Ö§„Ö§„Ö§„Ö§„Ö§„Ö§„Ö§„Ö§„Ö§„Ö§„Ö§„Ö§„Ö§„Ö§„Ö§„Ö§„Ö§„Ö§,,83,549,2017-04-05 23:16:24,"Please correct me if reading tweets wrong. 

https://t.co/49zchUVTDy

@Pamela_Moore13 is @SouthUnitedUs here. https://t.co/ZjEtIoMxxm",Pamela_Moore13
23,855077068098330624,‚ô•Ô∏èdonnia68üòú,"#MAGA #NRA #ICE #USA #NoShariaLaw #‚ô°Batman #Hillary4Prison #BENGHAZI #DrainTheSwamp #WalkAway
#NeverGiveUp #NoLists!
 I RT a lot.üòÜ luv my block buttonüòú",4988,5295,2017-04-20 15:13:54,@BlessPres45 @diceroll777 @saiberspace1 @saphina @Hope4Hopeless1 @DrJScofield @JoeRecessedpro @Lost94133‚Ä¶ https://t.co/DgI27ugah5,Pamela_Moore13
24,4031506633,Cali-Kim-Win,#Conservative #ChristianValues #BuildTheWall #StopIdentityPolitics #DrainTheSwamp #Flynn #Military #ProLife #VoterId #BlueLivesMatter #Kavanaugh #MAGA #Vote,5114,5184,2015-10-27 03:56:50,RT @donnia8789: @Kimberlee373 @diceroll777 @saiberspace1 @IreneMenafroPed @Saphina @Hope4Hopeless1 @DrJScofield @JoeRecessedpro @Lost94133‚Ä¶,Pamela_Moore13
25,137777900,Prof Subroto Roy,Cambridge PhD under FHahn; LSE First. *Philosophy of Economics* 1989. USA 1980-96. Led UH perestroika-for-India project 1986-92. Advised Rajiv Gandhi 1990/1,1937,11,2010-04-27 18:49:13,"RT @subyroy: A week will pass, either Trump or Mrs Clinton will win in a close contest @CadillacLade12 @Pamela_Moore13 @Nvania @FBI",Pamela_Moore13
26,137777900,Prof Subroto Roy,Cambridge PhD under FHahn; LSE First. *Philosophy of Economics* 1989. USA 1980-96. Led UH perestroika-for-India project 1986-92. Advised Rajiv Gandhi 1990/1,1937,11,2010-04-27 18:49:13,RT @subyroy: American institutions esp the media have placed their reputations in the Recycle Bin @Pamela_Moore13 @Nvania The @FBI retrieve‚Ä¶,Pamela_Moore13
27,386489091,GCC Cat,"#qAnon / #MAGA skeptic but hopeful.

Jewfag slayer. Flat earth enthusiast. 
#endthefed #freejulianassange

-------- ŸÑÿß ÿßŸÑŸá ÿßŸÑÿß ÿßŸÑŸÑŸá Ÿàÿ≠ÿØŸá ŸÑÿß ÿ¥ÿ±ŸäŸÉ ŸÑŸá --------",301,683,2011-10-07 11:24:31,RT @mikebenmocshe: @meNabster @realDonaldTrump @AbbyMartin @AbbsWinston @Emirati_Sheikha @jammm23 @hectormorenco @Pamela_Moore13 @SenSander‚Ä¶,Pamela_Moore13
28,3263253388,theNabster,"I am the Nabster, I nab the guilty who lurk in the darkness of inequity and injustice. This is a sister account to @inabster in case I lose it.",24265,26590,2015-05-16 19:34:57,RT @meNabster: @4theloveofGaza @Anakmadani_ @AbbyMartin @Emirati_Sheikha @jammm23 @hectormorenco @Pamela_Moore13 @SenSanders @BrittPettibon‚Ä¶,Pamela_Moore13
29,3263253388,theNabster,"I am the Nabster, I nab the guilty who lurk in the darkness of inequity and injustice. This is a sister account to @inabster in case I lose it.",24265,26590,2015-05-16 19:34:57,RT @johnfarrell310: @meNabster @FAApartheid @AbbyMartin @AbbsWinston @Emirati_Sheikha @jammm23 @hectormorenco @Pamela_Moore13 @SenSanders @‚Ä¶,Pamela_Moore13
30,3263253388,theNabster,"I am the Nabster, I nab the guilty who lurk in the darkness of inequity and injustice. This is a sister account to @inabster in case I lose it.",24265,26590,2015-05-16 19:34:57,RT @father_theodor: @meNabster @AbbyMartin @AbbsWinston @jammm23 @Pamela_Moore13  @BrittPettibone Reza Aslan tells it like it is https://t.‚Ä¶,Pamela_Moore13
31,3263253388,theNabster,"I am the Nabster, I nab the guilty who lurk in the darkness of inequity and injustice. This is a sister account to @inabster in case I lose it.",24265,26590,2015-05-16 19:34:57,RT @mikebenmocshe: @meNabster @realDonaldTrump @AbbyMartin @AbbsWinston @Emirati_Sheikha @jammm23 @hectormorenco @Pamela_Moore13 @SenSander‚Ä¶,Pamela_Moore13
32,765611260570460160,mark gibson,jail mr mel gibson,146,3054,2016-08-16 18:08:43,"RT @Pamela_Moore13 France is lost.
#French police try to enter a muslim no-go zone.

We can not allow this in America!  ...",Pamela_Moore13
33,849762675152367620,„Ö§„Ö§„Ö§„Ö§„Ö§„Ö§„Ö§„Ö§„Ö§„Ö§„Ö§„Ö§„Ö§„Ö§„Ö§„Ö§„Ö§„Ö§„Ö§„Ö§„Ö§„Ö§„Ö§„Ö§„Ö§„Ö§„Ö§„Ö§„Ö§„Ö§„Ö§„Ö§„Ö§„Ö§„Ö§„Ö§,,83,549,2017-04-05 23:16:24,"Um, was @Pamela_Moore13 also @SouthUnitedUs ?",Pamela_Moore13
34,35254201,"Dems say, Enjoying my whiteness.","White, Conservative, Christian, Male Patriot. How else may I offend you?",3900,5001,2009-04-25 16:52:28,RT @donnia8789: @Kimberlee373 @diceroll777 @saiberspace1 @IreneMenafroPed @Saphina @Hope4Hopeless1 @DrJScofield @JoeRecessedpro @Lost94133‚Ä¶,Pamela_Moore13
35,3385781962,KAG EXCLAMATIONNN POINT,"Father, Husband, Patriot... Vet11B: MFO, OIF, OEF! GB America! Tweets/RT may or may not reflect my personal opinion! Proudly f.b. @GenFlynn @Scaramucci @Harlan",11889,12447,2015-07-21 11:12:44,RT @donnia8789: @Kimberlee373 @diceroll777 @saiberspace1 @IreneMenafroPed @Saphina @Hope4Hopeless1 @DrJScofield @JoeRecessedpro @Lost94133‚Ä¶,Pamela_Moore13
36,890337624761696257,deplorableteensUS,"#MAGA #VOTEREDORAMERICASDEAD #KAG ‚ù§‚ö™üíôHome is where Texas is.    ‚ù§‚ö™üíô
Spreading real news one retweet at a time‚ù§‚ö™üíô
will more than likely follow back‚ù§‚ö™üíô",870,1326,2017-07-26 22:26:46,RT @donnia8789: @Kimberlee373 @diceroll777 @saiberspace1 @IreneMenafroPed @Saphina @Hope4Hopeless1 @DrJScofield @JoeRecessedpro @Lost94133‚Ä¶,Pamela_Moore13
37,917013673268465664,Maggie Allardyce,Music Historyz married Politics Health Service RocknRolla a product of the 60 S Loves life proud resistor Don‚Äôt like orange man,258,440,2017-10-08 13:07:51,RT @spence_arnold: @BEyedWoman @DPWIMM @thebigotbasher @TaggartRehnn @Cruellaisdevine @WeThePeople49 @robinandriver @rigel2020 @RobertVosFr‚Ä¶,wokeluisa
38,886032877011558400,Helen_Votes_#TeamPelosiüíô#GetAmericaCovered,"Keep country & our democracy intact | RTs=Endorsement! | My TL=My Political state of mind, nothing else | #FireWithFire #BuckleUp #SWATT #Basta",61929,49717,2017-07-15 01:21:14,RT @spence_arnold: @BEyedWoman @DPWIMM @thebigotbasher @TaggartRehnn @Cruellaisdevine @WeThePeople49 @robinandriver @rigel2020 @RobertVosFr‚Ä¶,wokeluisa
39,783460003105607680,LT,"On Twitter because I'm tired of the GOP greed, pathological lies + crimes. Will never vote Republican again! I don't block. I'm smart + fierce. Bring it! üá±üá∑",918,848,2016-10-05 00:13:15,RT @cowboyneok: @heretical_1 @spence_arnold @BEyedWoman @DPWIMM @thebigotbasher @TaggartRehnn @Cruellaisdevine @WeThePeople49 @robinandrive‚Ä¶,wokeluisa
40,783460003105607680,LT,"On Twitter because I'm tired of the GOP greed, pathological lies + crimes. Will never vote Republican again! I don't block. I'm smart + fierce. Bring it! üá±üá∑",918,848,2016-10-05 00:13:15,RT @cowboyneok: @heretical_1 @spence_arnold @BEyedWoman @DPWIMM @thebigotbasher @TaggartRehnn @Cruellaisdevine @WeThePeople49 @robinandrive‚Ä¶,wokeluisa
41,26046318,Rigel2020,"Hand Counted Paper Ballots, Counted in Full View by Citizens! #handcounted #paperballots  üòá #NullifyNow",3756,5001,2009-03-23 17:30:29,RT @Cruellaisdevine: @spence_arnold @heretical_1 @BEyedWoman @DPWIMM @thebigotbasher @TaggartRehnn @WeThePeople49 @robinandriver @rigel2020‚Ä¶,wokeluisa
42,26046318,Rigel2020,"Hand Counted Paper Ballots, Counted in Full View by Citizens! #handcounted #paperballots  üòá #NullifyNow",3756,5001,2009-03-23 17:30:29,RT @Cruellaisdevine: @spence_arnold @cowboyneok @heretical_1 @BEyedWoman @DPWIMM @thebigotbasher @TaggartRehnn @WeThePeople49 @robinandrive‚Ä¶,wokeluisa
43,886032877011558400,Helen_Votes_#TeamPelosiüíô#GetAmericaCovered,"Keep country & our democracy intact | RTs=Endorsement! | My TL=My Political state of mind, nothing else | #FireWithFire #BuckleUp #SWATT #Basta",61929,49717,2017-07-15 01:21:14,@spence_arnold @heretical_1 @BEyedWoman @DPWIMM @thebigotbasher @TaggartRehnn @WeThePeople49 @robinandriver‚Ä¶ https://t.co/NiqBBfLKkI,wokeluisa
44,886032877011558400,Helen_Votes_#TeamPelosiüíô#GetAmericaCovered,"Keep country & our democracy intact | RTs=Endorsement! | My TL=My Political state of mind, nothing else | #FireWithFire #BuckleUp #SWATT #Basta",61929,49717,2017-07-15 01:21:14,@spence_arnold @cowboyneok @heretical_1 @BEyedWoman @DPWIMM @thebigotbasher @TaggartRehnn @WeThePeople49‚Ä¶ https://t.co/lCxxEQeTZd,wokeluisa
45,886032877011558400,Helen_Votes_#TeamPelosiüíô#GetAmericaCovered,"Keep country & our democracy intact | RTs=Endorsement! | My TL=My Political state of mind, nothing else | #FireWithFire #BuckleUp #SWATT #Basta",61929,49717,2017-07-15 01:21:14,@cowboyneok @heretical_1 @spence_arnold @BEyedWoman @DPWIMM @thebigotbasher @TaggartRehnn @WeThePeople49‚Ä¶ https://t.co/0ShdSBlYTf,wokeluisa
46,886032877011558400,Helen_Votes_#TeamPelosiüíô#GetAmericaCovered,"Keep country & our democracy intact | RTs=Endorsement! | My TL=My Political state of mind, nothing else | #FireWithFire #BuckleUp #SWATT #Basta",61929,49717,2017-07-15 01:21:14,@spence_arnold @BEyedWoman @DPWIMM @thebigotbasher @TaggartRehnn @WeThePeople49 @robinandriver @rigel2020‚Ä¶ https://t.co/UJnIQC6B1D,wokeluisa
47,829481216629895168,Russell,"Currently working on following everybody back. If you aren't already on the party list and want to be, dm me. Thx! https://t.co/DlWmWmQOX4",13582,13906,2017-02-09 00:05:07,@cowboyneok @spence_arnold @BEyedWoman @DPWIMM @thebigotbasher @TaggartRehnn @Cruellaisdevine @WeThePeople49‚Ä¶ https://t.co/wImJ43V2pN,wokeluisa
48,829481216629895168,Russell,"Currently working on following everybody back. If you aren't already on the party list and want to be, dm me. Thx! https://t.co/DlWmWmQOX4",13582,13906,2017-02-09 00:05:07,@cowboyneok @spence_arnold @BEyedWoman @DPWIMM @thebigotbasher @TaggartRehnn @Cruellaisdevine @WeThePeople49‚Ä¶ https://t.co/j44shtKSWs,wokeluisa
49,2567052579,"Arnold Spence Electro-Mechanical Engineer, #Resist","I pride myself on being intelligent, honest and fair. #resist #TheResistance #Bluetakeover2020 We must confront evil in all it's forms, for US, & our children.",448,1077,2014-05-27 12:00:16,@heretical_1 @BEyedWoman @DPWIMM @thebigotbasher @TaggartRehnn @Cruellaisdevine @WeThePeople49 @robinandriver‚Ä¶ https://t.co/QjXy5uOEqh,wokeluisa
50,2567052579,"Arnold Spence Electro-Mechanical Engineer, #Resist","I pride myself on being intelligent, honest and fair. #resist #TheResistance #Bluetakeover2020 We must confront evil in all it's forms, for US, & our children.",448,1077,2014-05-27 12:00:16,@cowboyneok @heretical_1 @BEyedWoman @DPWIMM @thebigotbasher @TaggartRehnn @Cruellaisdevine @WeThePeople49‚Ä¶ https://t.co/gcKpbQBomd,wokeluisa
51,2567052579,"Arnold Spence Electro-Mechanical Engineer, #Resist","I pride myself on being intelligent, honest and fair. #resist #TheResistance #Bluetakeover2020 We must confront evil in all it's forms, for US, & our children.",448,1077,2014-05-27 12:00:16,@cowboyneok @heretical_1 @BEyedWoman @DPWIMM @thebigotbasher @TaggartRehnn @Cruellaisdevine @WeThePeople49‚Ä¶ https://t.co/2oFOa83w0l,wokeluisa
52,17016825,Timothy Beauchamp,"LGBTQ / Navy Veteran (Submarines) Author poem Sub Sailors Views on Glasnost featured in Smithsonian's American History museum.  Dallas, TX",4150,1918,2008-10-28 06:36:21,@heretical_1 @spence_arnold @BEyedWoman @DPWIMM @thebigotbasher @TaggartRehnn @Cruellaisdevine @WeThePeople49‚Ä¶ https://t.co/Y0MFESDtST,wokeluisa
53,17016825,Timothy Beauchamp,"LGBTQ / Navy Veteran (Submarines) Author poem Sub Sailors Views on Glasnost featured in Smithsonian's American History museum.  Dallas, TX",4150,1918,2008-10-28 06:36:21,@heretical_1 @spence_arnold @BEyedWoman @DPWIMM @thebigotbasher @TaggartRehnn @Cruellaisdevine @WeThePeople49‚Ä¶ https://t.co/Xz8KVAnuQg,wokeluisa
54,829481216629895168,Russell,"Currently working on following everybody back. If you aren't already on the party list and want to be, dm me. Thx! https://t.co/DlWmWmQOX4",13582,13906,2017-02-09 00:05:07,@spence_arnold @BEyedWoman @DPWIMM @thebigotbasher @TaggartRehnn @Cruellaisdevine @WeThePeople49 @robinandriver‚Ä¶ https://t.co/Vzljz7F4Il,wokeluisa
55,2567052579,"Arnold Spence Electro-Mechanical Engineer, #Resist","I pride myself on being intelligent, honest and fair. #resist #TheResistance #Bluetakeover2020 We must confront evil in all it's forms, for US, & our children.",448,1077,2014-05-27 12:00:16,@heretical_1 @BEyedWoman @DPWIMM @thebigotbasher @TaggartRehnn @Cruellaisdevine @WeThePeople49 @robinandriver‚Ä¶ https://t.co/Pj1kJoVm08,wokeluisa
56,829481216629895168,Russell,"Currently working on following everybody back. If you aren't already on the party list and want to be, dm me. Thx! https://t.co/DlWmWmQOX4",13582,13906,2017-02-09 00:05:07,@spence_arnold @BEyedWoman @DPWIMM @thebigotbasher @TaggartRehnn @Cruellaisdevine @WeThePeople49 @robinandriver‚Ä¶ https://t.co/dCgRdXunsR,wokeluisa
57,2567052579,"Arnold Spence Electro-Mechanical Engineer, #Resist","I pride myself on being intelligent, honest and fair. #resist #TheResistance #Bluetakeover2020 We must confront evil in all it's forms, for US, & our children.",448,1077,2014-05-27 12:00:16,@BEyedWoman @DPWIMM @thebigotbasher @TaggartRehnn @Cruellaisdevine @WeThePeople49 @robinandriver @rigel2020‚Ä¶ https://t.co/VAaNv5HVV2,wokeluisa
58,894633440368181248,markye boy,,324,1955,2017-08-07 18:56:48,RT @_Tbone: @wokeluisa Faux News is a joke... I hope that when the dust settles there will be charges. You can't get away with stuff like p‚Ä¶,wokeluisa
59,787775646109954048,Raji abduljelil,,6,17,2016-10-16 22:02:05,@RajiBolaji @wokeluisa @4tade Hello brother good evening,wokeluisa
60,943013310798155776,MadMax,I stand.  #MAGA,154,64,2017-12-19 07:01:08,RT @JoniePEI: @AmericanVoterUS @myno1doodles @HillaryClinton @realDonaldTrump @jessebwatters @pnehlen @PrisonPlanet @JackPosobiec @DonaldJT‚Ä¶,TEN_GOP
61,943013310798155776,MadMax,I stand.  #MAGA,154,64,2017-12-19 07:01:08,RT @JSavoly: @AmericanVoterUS @HillaryClinton @realDonaldTrump @jessebwatters @pnehlen @PrisonPlanet @JackPosobiec @DonaldJTrumpJr @ScottPr‚Ä¶,TEN_GOP
62,1977538452,john murray,,1191,2649,2013-10-21 05:48:50,@LouiseBagshawe @FemurBlas @TEN_GOP Merry Christmas louise.,TEN_GOP
63,844566484588232705,"No Conservatives, NO! #BoycottNRA",Political commentator; researcher; fact finder. Conservative lies will be exposed. #TheResistance #FRB No lists: you will be blocked.,1135,1646,2017-03-22 15:08:36,@BillKristol I was blocked by @the_trump_train LOL.  I still think they're a Russian/foreign aggressor controlled a‚Ä¶ https://t.co/3ZUEaFOkhl,TEN_GOP
64,41459516,Esau,"I accept Reality and dare not question it, Materialism first and last imbuing.",226,2167,2009-05-20 21:50:33,"@djkocisi2 @kyledcheney @Bencjacobs @pbump @KellyannePolls @TEN_GOP don't worry, im sure mueller has copies",TEN_GOP
65,1550465708,Peter,Music lover. Food lover. Australia lover.  Grower of chillis and hops. LOVE IT OR LEAVE!,260,519,2013-06-27 11:59:59,RT @BaggaBrigade: @AmericanVoterUS @xsevenx @HillaryClinton @realDonaldTrump @jessebwatters @pnehlen @PrisonPlanet @JackPosobiec @DonaldJTr‚Ä¶,TEN_GOP
66,2509156808,TinkThinks,"#2A #WWG1WGA Fibro Warriorüá∫üá∏   Autie Mom, Organic Gardener, Soapmaker ,  Independent , Truth seeker #TheRainMakers  #MAGA #IBOR   #Q",3593,5001,2014-05-20 03:20:48,RT @BaggaBrigade: @AmericanVoterUS @xsevenx @HillaryClinton @realDonaldTrump @jessebwatters @pnehlen @PrisonPlanet @JackPosobiec @DonaldJTr‚Ä¶,TEN_GOP
67,58007320,Maverick,"‚úäSTRENGTH AND HONORü•Åüî•#Conservative #MAGA
Indiana State Director @NewRightUS
#BuildTheWall #DrainTheSwamp #1A #2A #AmericaFirstüëåhttps://t.co/pDPgUg74Qu
#Deplorable",76071,36780,2009-07-18 19:15:29,RT @BaggaBrigade: @AmericanVoterUS @xsevenx @HillaryClinton @realDonaldTrump @jessebwatters @pnehlen @PrisonPlanet @JackPosobiec @DonaldJTr‚Ä¶,TEN_GOP
68,887496131399213057,Lucille,Liberal in a red state. Send help. Retweets are NOT endorsements,318,981,2017-07-19 02:15:41,"RT @djkocisi2: @kyledcheney @Bencjacobs @pbump Remember when the Prez and @KellyannePolls both retweeted @ten_gop, a proven Russian propaga‚Ä¶",TEN_GOP
69,60684098,dora wiilliams,Access to affordable healthcare should be a right for ALL .#HealthCareIsAHumanRight,3363,2233,2009-07-27 19:21:09,"RT @djkocisi2: @kyledcheney @Bencjacobs @pbump Remember when the Prez and @KellyannePolls both retweeted @ten_gop, a proven Russian propaga‚Ä¶",TEN_GOP
70,68461916,T2,"On mission to serveJesus of Nazareth; HIS WAY w/ wife & 5 sons. Coach, conservative, farmer, rancher, mechanic, golfer & cowboy. Pray 4 prisoner(s)",796,1223,2009-08-24 17:35:27,RT @RudyBeaumont: @TEN_GOP @Roy12212012 Just another statistic in the Clinton body count.,TEN_GOP
71,68461916,T2,"On mission to serveJesus of Nazareth; HIS WAY w/ wife & 5 sons. Coach, conservative, farmer, rancher, mechanic, golfer & cowboy. Pray 4 prisoner(s)",796,1223,2009-08-24 17:35:27,RT @thull99: @TEN_GOP I think about his young man almost everyday. It would be devastating not having answers. He deserves justice. He was‚Ä¶,TEN_GOP
72,846183679630049280,TRUMP IS A PIECE OF SHITüí©SAVE OUR DEMOCRACY!!üí•,üí•TheResistanceüí•üåäüåä#BlueWaveüåäüåäüêùLiberalüêùFORMER IndependentüåéClimateChangeüåé #TrumpTreasonüî•üá∫üá∏USAF BRAT üá∫üá∏HappilyMarried. NRA=Terroristsüò°BLOCK DM's!!!,5073,4938,2017-03-27 02:14:45,"RT @djkocisi2: @kyledcheney @Bencjacobs @pbump Remember when the Prez and @KellyannePolls both retweeted @ten_gop, a proven Russian propaga‚Ä¶",TEN_GOP
73,846904458470600707,djkocisi politics,"Let it swirl around, THEN form yo opinion.",161,140,2017-03-29 01:58:52,@kyledcheney @Bencjacobs @pbump @KellyannePolls @TEN_GOP Hm appears he‚Äôs deleted them.........,TEN_GOP
74,846904458470600707,djkocisi politics,"Let it swirl around, THEN form yo opinion.",161,140,2017-03-29 01:58:52,"@kyledcheney @Bencjacobs @pbump Remember when the Prez and @KellyannePolls both retweeted @ten_gop, a proven Russia‚Ä¶ https://t.co/ybn9DBDnGP",TEN_GOP
75,128163,Sarah‚ò≠Szalavitz,Social Designer‚ò≠Choice Optimizer‚ò≠Lawyer‚ò≠ Champagne Socialist‚ò≠7Robot CEO‚ò≠ Fellow @MediaLab teaching https://t.co/uf1bB0gSbG‚ò≠I transform publishing into participation,4606,1060,2006-12-21 19:45:54,"@TEN_GOP üëèüëä‚ù§Ô∏è @marksluckie https://t.co/bNOC0ZPn6W if Facebook‚Äôs leadership &amp; BoD had included women &amp; PoC, what would the world look like?",TEN_GOP
76,827648721227804677,Tina Mowery ‚ùåüî•üö©‚ù§Ô∏èüá∫üá∏üéó,second replaced account #WeThePeople #MAGA #KAG #NODEMONRATS #LOVEMYPRESIDENTTRUMP #WEAREDEPLORABLES #GoUSN #OSU #NoBots #NODM ‚ùåüéó‚öìÔ∏èüö©üî•,5550,5192,2017-02-03 22:43:26,RT @1Big0wl: @AmericanVoterUS @MaxBridgeNut @HillaryClinton @realDonaldTrump @jessebwatters @pnehlen @PrisonPlanet @JackPosobiec @DonaldJTr‚Ä¶,TEN_GOP
77,67921395,fletcher wells,in fellowship with my Lord Jesus Christ,2235,2902,2009-08-22 16:17:07,RT @1Big0wl: @AmericanVoterUS @MaxBridgeNut @HillaryClinton @realDonaldTrump @jessebwatters @pnehlen @PrisonPlanet @JackPosobiec @DonaldJTr‚Ä¶,TEN_GOP
78,801648599784427520,‚ùåJonella Moore‚ùå,"Patriot, Christian, Educated American #WWG1WGA #GreatAwakening. Isaiah 41:10-13. I believe in Truth and Justice üá∫üá∏",14897,14002,2016-11-24 04:48:14,RT @SpeakMyMindGuy: @AmericanVoterUS @HillaryClinton @realDonaldTrump @jessebwatters @pnehlen @PrisonPlanet @JackPosobiec @DonaldJTrumpJr @‚Ä¶,TEN_GOP
79,801648599784427520,‚ùåJonella Moore‚ùå,"Patriot, Christian, Educated American #WWG1WGA #GreatAwakening. Isaiah 41:10-13. I believe in Truth and Justice üá∫üá∏",14897,14002,2016-11-24 04:48:14,RT @danigirld1: @BaggaBrigade @AmericanVoterUS @xsevenx @HillaryClinton @realDonaldTrump @JesseBWatters @pnehlen @PrisonPlanet @JackPosobie‚Ä¶,TEN_GOP
80,801648599784427520,‚ùåJonella Moore‚ùå,"Patriot, Christian, Educated American #WWG1WGA #GreatAwakening. Isaiah 41:10-13. I believe in Truth and Justice üá∫üá∏",14897,14002,2016-11-24 04:48:14,RT @BaggaBrigade: @AmericanVoterUS @xsevenx @HillaryClinton @realDonaldTrump @jessebwatters @pnehlen @PrisonPlanet @JackPosobiec @DonaldJTr‚Ä¶,TEN_GOP
81,801648599784427520,‚ùåJonella Moore‚ùå,"Patriot, Christian, Educated American #WWG1WGA #GreatAwakening. Isaiah 41:10-13. I believe in Truth and Justice üá∫üá∏",14897,14002,2016-11-24 04:48:14,RT @AgelessJE: @JesseeBonnie @AmericanVoterUS @minyashed @HillaryClinton @realDonaldTrump @jessebwatters @pnehlen @PrisonPlanet @JackPosobi‚Ä¶,TEN_GOP
82,801648599784427520,‚ùåJonella Moore‚ùå,"Patriot, Christian, Educated American #WWG1WGA #GreatAwakening. Isaiah 41:10-13. I believe in Truth and Justice üá∫üá∏",14897,14002,2016-11-24 04:48:14,RT @1Big0wl: @AmericanVoterUS @MaxBridgeNut @HillaryClinton @realDonaldTrump @jessebwatters @pnehlen @PrisonPlanet @JackPosobiec @DonaldJTr‚Ä¶,TEN_GOP
83,128163,Sarah‚ò≠Szalavitz,Social Designer‚ò≠Choice Optimizer‚ò≠Lawyer‚ò≠ Champagne Socialist‚ò≠7Robot CEO‚ò≠ Fellow @MediaLab teaching https://t.co/uf1bB0gSbG‚ò≠I transform publishing into participation,4606,1060,2006-12-21 19:45:54,"@TEN_GOP Zuck refused, so Facebook sent their ‚ÄúVP for Policy Solutions‚Äù to testify‚Äî&amp; well, of course that‚Äôs what he‚Ä¶ https://t.co/fRqZvYWy3U",TEN_GOP
84,128163,Sarah‚ò≠Szalavitz,Social Designer‚ò≠Choice Optimizer‚ò≠Lawyer‚ò≠ Champagne Socialist‚ò≠7Robot CEO‚ò≠ Fellow @MediaLab teaching https://t.co/uf1bB0gSbG‚ò≠I transform publishing into participation,4606,1060,2006-12-21 19:45:54,@TEN_GOP Obviously Facebook knew Russia was harvesting data in 2014... Putin is owed perpetual returns on his 2008‚Ä¶ https://t.co/yf2mi0oswJ,TEN_GOP
85,2167674121,JointheNRA NOW! üá∫üá∏,America is worth saving. Donald Trump is our last chance #MAGA @realDonaldTrump #NRA Life Member #2A #ŒúŒüŒõŒ©ŒùŒõŒëŒíŒï #LockThemAllUp #DefeatTheLeft #pro-@Israel üáÆüá±,121072,35135,2013-11-01 03:24:23,RT @CarmineZozzora: @TEN_GOP Obama never endorses Hillary if there was even the slightest risk she'd be indicted. It was all prearranged.‚Ä¶,TEN_GOP
86,3394368621,michael,,4439,4995,2015-07-29 19:55:49,@ChicagoJasmine @TEN_GOP #MAGA,TEN_GOP
87,1043978309636214784,anti_schoolftw,TRUMPER. MAGA. lll'%ers. https://t.co/Ehr79oggDT https://t.co/tQjd1X6aka. Canadian/infowars army. FreedomReport USA #WhyIStandByAssange. #IStandWithFlynn,2637,3610,2018-09-23 21:39:59,RT @SamuleSammy: @TEN_GOP is that a fake beard? You look like you're 12? Podesta/pizzagate. Alec Baldwin hates his own kids. #Twitter #tell‚Ä¶,TEN_GOP
88,86378502,bandit,Average joe,1576,1213,2009-10-30 19:21:21,RT @CarmineZozzora: @TEN_GOP Obama never endorses Hillary if there was even the slightest risk she'd be indicted. It was all prearranged.‚Ä¶,TEN_GOP
89,1039557426641625088,traderjohnt1,Follow back. Trump fighting for America. Liberal left media controlled by Democrats brainwash people to hate #maga #trump #deplorable #conservative #patriot,10419,9122,2018-09-11 16:52:59,@stevenburns131 @mollyday15 @Barnes96 @ReaganBattalion @marcorubio @gotspeed2burn @starcrosswolf @Boyd_2650 @KNP2BP‚Ä¶ https://t.co/ZOKeTvjBPK,TEN_GOP
90,2321197453,OUTLAW 09,"Strategic Debriefer, Interrogator, former SF, SF VN vet, DET-A Berlin, JAROC-B, SME for bot nets, RU non linear warfare, RU propaganda and  US alt right trolls",886,63,2014-01-31 18:25:04,"OR MAYBE @Cernovich
OR MAYBE U WORKED WITH AND FOR @TEN_GOP",TEN_GOP
91,2496377724,CJ,Proud American Dreamer. America First. Drain the Swamp. Protect 2A. MAGA. Just build the wall already.,6489,5617,2014-05-15 13:44:28,"RT @MrHinNH: @TEN_GOP Remember when trump pointed out the guy 
Who holds the nuclear launch codes at 
A public rally! Oh wait! That was #cr‚Ä¶",TEN_GOP
92,3685247237,#DemExitDeplorable‚≠êÔ∏è‚≠êÔ∏è‚≠êÔ∏è #IndependentAmerican,"#MiddleClass Wife, Mom, CollegeGrad #DisavowNazisKKKViolence #PrayerMatters #SecureBorder #BlueLivesMatter ‚úù‚ú° #DemExit #KateSteinleLaw #NavyProud #MAGA üôèüèªüá∫üá∏",13710,13501,2015-09-17 11:41:07,"RT @MrHinNH: @TEN_GOP Remember when trump pointed out the guy 
Who holds the nuclear launch codes at 
A public rally! Oh wait! That was #cr‚Ä¶",TEN_GOP
93,309834195,Patricia #ImWithNancy,Rtd admin accountant* Politically left ctr ~ DT stands against all I care abt #BlueWaveüñí My #1 Priority Healing Earthüåé Motto: Live & Let Live‚úåüíï,2086,2752,2011-06-02 19:05:31,"@conspirator0 @seanhannity @AnnCoulter @TEN_GOP Ty for posting, great work on exposing these frauds!",TEN_GOP
94,95328958,Pat A.,Blogging about the Meredith Kercher case. I will respond respectfully to questions on the case at http://t.co/7V6rlZmbpP,545,811,2009-12-08 02:03:19,@DrDenaGrayson ....yet still no reporting on how much of this dark money flows through political sock puppet twitte‚Ä¶ https://t.co/GreR4ap8Rx,TEN_GOP
95,759530941949763585,BOA,Stand with President Trump; #MAGA; Huge NFL Rams Fan!!!,1748,1919,2016-07-30 23:27:42,@LouiseBagshawe @TEN_GOP Wasn't Mueller a Russia Collusion Investigation? Then a Trump Obstruction Investigation? H‚Ä¶ https://t.co/nIQTPrRvCx,TEN_GOP
96,1084591616,Isaac Visage,"Just a logic seeking black man from  St.Paul. How did we go from ""I cannot tell a lie."" to a man that lies Every. Single. Day? Conserve veiws, but hate MAGAts.",72,38,2013-01-13 01:02:29,"@walterplessing3 @suannelqr @LethalDose_50 @hama_am05 @TEN_GOP https://t.co/9dyJRxkXjG

https://t.co/5La2soynYM‚Ä¶ https://t.co/6W306CV0LF",TEN_GOP
97,949979267873488897,Guy Millar,üóΩProgressive ‚öñÔ∏èüåà Freethinker #RESIST Stop Greed from targeting voters üö´Kavanaugh #Tre45on #KratomSaves #EndCitizenUnited #Equality #LGBTQA /victim rights.,1949,3897,2018-01-07 12:21:22,@conspirator0 @seanhannity @AnnCoulter @TEN_GOP I‚Äôm unable to follow you.  I do NOT have sensitive comments turned‚Ä¶ https://t.co/TzLcATOFmZ,TEN_GOP
98,10926912,DaveLaFontaine,Senior UX Researcher & Designer; Creative Data Scientist; Author of Mobile Web Design For Dummies; Google Analytics for Creative Professionals,1454,1265,2007-12-07 05:00:04,@conspirator0 @seanhannity @AnnCoulter @TEN_GOP Is the USANEWS007 account also part of the IRA network?,TEN_GOP
99,30913783,Kevin Osborne,Interested in understanding spiritual engineering and freedom in this place. DM's of a relationship basis will be ignored.,1380,1898,2009-04-13 17:49:37,@theartofrain @RepStevenSmith @TEN_GOP Nice Alinsky,TEN_GOP
100,2366499296,The Art Of,Engineer. Nothing to see here.,306,3036,2014-03-01 04:16:20,"@RepStevenSmith lol oh man, this orchestrated propaganda attack on Ocasio-Cortez is kinna fascinating.

I still kin‚Ä¶ https://t.co/NuLCjZXguj",TEN_GOP
101,35942458,Ageya Achili Diglihi,"Someone else said it: A wild woman with an ethereal approach to base desires. Also: sacredly round, coyote silver, maximally feminine curmudgeon.",532,1390,2009-04-28 01:34:25,"@conspirator0 @seanhannity @AnnCoulter @TEN_GOP Also please note that indigenous are not the mythical ‚Äúthoughtful,‚Ä¶ https://t.co/M0h0X8gY1s",TEN_GOP
102,1065577177968631809,Sara Lina,"I am Sara Lina!
I am pro internet marketer and like to work harder than before. My personal website is https://t.co/LewicOLV7y",46,282,2018-11-22 12:06:11,"RT @realworldrj: @WhiteHouse @realDonaldTrump My story

As a rural white I felt alone and scared. W created Safelink which was a great prog‚Ä¶",TEN_GOP
103,1059829950457544704,Basset  Alain,retrait√©,1,6,2018-11-06 15:28:45,@FishtownHarry @TEN_GOP @Karine_MTL_ Exactement,TEN_GOP
104,974478382237933569,Bielzebuddha,The devil in the details...,2111,4619,2018-03-16 02:52:06,"RT @OdysseusAtTroy: HOW TO SPOT A RUSSIAN TROLL ACCOUNT

Remember @TEN_GOP? The Russian troll account with tens of thousands of followers?‚Ä¶",TEN_GOP
105,36665103,Susan Thomas,Retweets usually - but NOT always - imply endorsement.  Sometimes they mean I think something is funny or even outrageous.,59,700,2009-04-30 13:47:10,@LouiseBagshawe @TEN_GOP @threadreaderapp unroll,TEN_GOP
106,804808476128116736,HelenaDMesa,"Life comes at you fast take time to enjoy each day. Love, nurture & protect the most vulnerable children, senior & animals. Help heal our planet.",351,421,2016-12-02 22:04:28,@LouiseBagshawe @TEN_GOP I love it,TEN_GOP
107,18468598,Laura Nole,I have a baseball problem. Bookseller #ACLU #Celiac @LarjMedia #FreedomOfThePress,182,1193,2008-12-30 03:31:09,@LouiseBagshawe @TEN_GOP Brilliant!,TEN_GOP
108,18468598,Laura Nole,I have a baseball problem. Bookseller #ACLU #Celiac @LarjMedia #FreedomOfThePress,182,1193,2008-12-30 03:31:09,"RT @LouiseBagshawe: On the 12h day of Muellermas my Mueller gave to me
12 Trump indictments, 11 FISA warrants, @Ten_GOP, 9 Cohens singing,‚Ä¶",TEN_GOP
109,95328958,Pat A.,Blogging about the Meredith Kercher case. I will respond respectfully to questions on the case at http://t.co/7V6rlZmbpP,545,811,2009-12-08 02:03:19,@NormEisen @jonfavs And yet the probability of massive unfunded political sock puppets on twitter still goes by unn‚Ä¶ https://t.co/gMzZ6TDyJe,TEN_GOP
110,678033,Heather Gold,Writer. Comic. Actor.                          Newsletter: https://t.co/ZMXhhNU4Uo                 Album: https://t.co/Z5XY80e52n,7533,718,2007-01-22 01:57:38,"@dearsarah @TEN_GOP You‚Äôre most welcome.

I‚Äôm grateful for your years of friendship, your insight and sharing this‚Ä¶ https://t.co/bizyXST0m3",TEN_GOP
111,128163,Sarah‚ò≠Szalavitz,Social Designer‚ò≠Choice Optimizer‚ò≠Lawyer‚ò≠ Champagne Socialist‚ò≠7Robot CEO‚ò≠ Fellow @MediaLab teaching https://t.co/uf1bB0gSbG‚ò≠I transform publishing into participation,4606,1060,2006-12-21 19:45:54,"@heathr @TEN_GOP Agreed.

And also, thank you for your overwhelmingly kind &amp; insightful message. Nothing better tha‚Ä¶ https://t.co/5ZXMP6MUFd",TEN_GOP
112,678033,Heather Gold,Writer. Comic. Actor.                          Newsletter: https://t.co/ZMXhhNU4Uo                 Album: https://t.co/Z5XY80e52n,7533,718,2007-01-22 01:57:38,"@dearsarah @TEN_GOP I also believe that IG, WA must be seaparated and sold off and FB must be dismantled.

It is no‚Ä¶ https://t.co/zviNMmjDEu",TEN_GOP
113,678033,Heather Gold,Writer. Comic. Actor.                          Newsletter: https://t.co/ZMXhhNU4Uo                 Album: https://t.co/Z5XY80e52n,7533,718,2007-01-22 01:57:38,"@dearsarah @TEN_GOP That makes all kinds of sense (the feeling of betrayal). You, like many, have been defrauded an‚Ä¶ https://t.co/R3bwUXOTlB",TEN_GOP
114,128163,Sarah‚ò≠Szalavitz,Social Designer‚ò≠Choice Optimizer‚ò≠Lawyer‚ò≠ Champagne Socialist‚ò≠7Robot CEO‚ò≠ Fellow @MediaLab teaching https://t.co/uf1bB0gSbG‚ò≠I transform publishing into participation,4606,1060,2006-12-21 19:45:54,@heathr @TEN_GOP being wrong whatever‚Äîbut I felt oddly betrayed by their awfulness‚Äîas if my earnestness was wasted?‚Ä¶ https://t.co/p1yp8TFwAz,TEN_GOP
115,128163,Sarah‚ò≠Szalavitz,Social Designer‚ò≠Choice Optimizer‚ò≠Lawyer‚ò≠ Champagne Socialist‚ò≠7Robot CEO‚ò≠ Fellow @MediaLab teaching https://t.co/uf1bB0gSbG‚ò≠I transform publishing into participation,4606,1060,2006-12-21 19:45:54,"@heathr @TEN_GOP I do‚Äîbut I find #SPECTRE a more compelling pattern;)

But‚Äîregardless‚Äîcredit where it is due, you (‚Ä¶ https://t.co/IH0q8HuCPP",TEN_GOP
116,678033,Heather Gold,Writer. Comic. Actor.                          Newsletter: https://t.co/ZMXhhNU4Uo                 Album: https://t.co/Z5XY80e52n,7533,718,2007-01-22 01:57:38,"@dearsarah @TEN_GOP They have operated in bad faith a LONG time.

Remember the emotional manipulation study?

Remember Beacon?",TEN_GOP
117,128163,Sarah‚ò≠Szalavitz,Social Designer‚ò≠Choice Optimizer‚ò≠Lawyer‚ò≠ Champagne Socialist‚ò≠7Robot CEO‚ò≠ Fellow @MediaLab teaching https://t.co/uf1bB0gSbG‚ò≠I transform publishing into participation,4606,1060,2006-12-21 19:45:54,"@TEN_GOP üòÇFacebook‚Äôs deflection denied‚Äî&amp; Definers force  them to publicly admit requesting the Soros work.

So..how‚Ä¶ https://t.co/24E9xJP0an",TEN_GOP
118,128163,Sarah‚ò≠Szalavitz,Social Designer‚ò≠Choice Optimizer‚ò≠Lawyer‚ò≠ Champagne Socialist‚ò≠7Robot CEO‚ò≠ Fellow @MediaLab teaching https://t.co/uf1bB0gSbG‚ò≠I transform publishing into participation,4606,1060,2006-12-21 19:45:54,@TEN_GOP Facebook is so much worse than the overwhelming majority of their long term critics (see above)‚Äîmyself inc‚Ä¶ https://t.co/OifZQxHnuE,TEN_GOP
119,345629680,JaneC(4Trump)‚ö°üë∑,Deplorable Nationalist. #MAGA While the Democrats cook up evil schemes to try to hurt the President of the United States we continue cleaning up their mess.,5120,4582,2011-07-30 22:40:41,"@Soxfan311 @TEN_GOP I did, you just didn't bother to read it when I posted the link.",TEN_GOP
120,345629680,JaneC(4Trump)‚ö°üë∑,Deplorable Nationalist. #MAGA While the Democrats cook up evil schemes to try to hurt the President of the United States we continue cleaning up their mess.,5120,4582,2011-07-30 22:40:41,@LadyoftheWood2 @Soxfan311 @TEN_GOP I doubt you will get a reply.,TEN_GOP
121,345629680,JaneC(4Trump)‚ö°üë∑,Deplorable Nationalist. #MAGA While the Democrats cook up evil schemes to try to hurt the President of the United States we continue cleaning up their mess.,5120,4582,2011-07-30 22:40:41,@Soxfan311 @TEN_GOP Mueller hasn't found anything of substance. Tax forms and bank applications from before people‚Ä¶ https://t.co/jEFNgW6U33,TEN_GOP
122,345629680,JaneC(4Trump)‚ö°üë∑,Deplorable Nationalist. #MAGA While the Democrats cook up evil schemes to try to hurt the President of the United States we continue cleaning up their mess.,5120,4582,2011-07-30 22:40:41,@Soxfan311 @TEN_GOP it still isn't illegal.,TEN_GOP
123,80851077,MusicLovingLiberal,"Lover of music, photography, hiking, & sports. Proud Liberal who counters fake news, with facts.",4448,4880,2009-10-08 13:42:56,"@jcvolt @TEN_GOP Well, I know you‚Äôre slow... but Mueller found evidence of wrongdoing and in the investigation, dis‚Ä¶ https://t.co/8SAG4FAPeo",TEN_GOP
124,80851077,MusicLovingLiberal,"Lover of music, photography, hiking, & sports. Proud Liberal who counters fake news, with facts.",4448,4880,2009-10-08 13:42:56,@jcvolt @TEN_GOP It‚Äôs actually reputable compared to the flat out bullshit you call news.,TEN_GOP
125,345629680,JaneC(4Trump)‚ö°üë∑,Deplorable Nationalist. #MAGA While the Democrats cook up evil schemes to try to hurt the President of the United States we continue cleaning up their mess.,5120,4582,2011-07-30 22:40:41,@Soxfan311 @TEN_GOP all that for trolling on the internet huh?,TEN_GOP
126,345629680,JaneC(4Trump)‚ö°üë∑,Deplorable Nationalist. #MAGA While the Democrats cook up evil schemes to try to hurt the President of the United States we continue cleaning up their mess.,5120,4582,2011-07-30 22:40:41,@Soxfan311 @TEN_GOP And yet you watch fake news MSNBC...,TEN_GOP
127,80851077,MusicLovingLiberal,"Lover of music, photography, hiking, & sports. Proud Liberal who counters fake news, with facts.",4448,4880,2009-10-08 13:42:56,@jcvolt @TEN_GOP conspiracy to defraud the United States by impairing enforcement of election law as well as wire fraud and bank fraud.,TEN_GOP
128,80851077,MusicLovingLiberal,"Lover of music, photography, hiking, & sports. Proud Liberal who counters fake news, with facts.",4448,4880,2009-10-08 13:42:56,@jcvolt @TEN_GOP Because I can tell they‚Äôre fake news sites.,TEN_GOP
129,80851077,MusicLovingLiberal,"Lover of music, photography, hiking, & sports. Proud Liberal who counters fake news, with facts.",4448,4880,2009-10-08 13:42:56,@jcvolt @TEN_GOP Show the article instead of a quote.,TEN_GOP
130,345629680,JaneC(4Trump)‚ö°üë∑,Deplorable Nationalist. #MAGA While the Democrats cook up evil schemes to try to hurt the President of the United States we continue cleaning up their mess.,5120,4582,2011-07-30 22:40:41,"@Soxfan311 @TEN_GOP Why don't you google ""Al Gore was wrong""  for lists of failed predictions.",TEN_GOP
131,345629680,JaneC(4Trump)‚ö°üë∑,Deplorable Nationalist. #MAGA While the Democrats cook up evil schemes to try to hurt the President of the United States we continue cleaning up their mess.,5120,4582,2011-07-30 22:40:41,"@Soxfan311 @TEN_GOP here is a quote
On Jan. 26, 2006, The Washington Post stated Al ""believes humanity may have onl‚Ä¶ https://t.co/btLItDWnJf",TEN_GOP
132,345629680,JaneC(4Trump)‚ö°üë∑,Deplorable Nationalist. #MAGA While the Democrats cook up evil schemes to try to hurt the President of the United States we continue cleaning up their mess.,5120,4582,2011-07-30 22:40:41,@Soxfan311 @TEN_GOP So you didn't read the articles then....,TEN_GOP
133,80851077,MusicLovingLiberal,"Lover of music, photography, hiking, & sports. Proud Liberal who counters fake news, with facts.",4448,4880,2009-10-08 13:42:56,"@jcvolt @TEN_GOP Actually he didn‚Äôt. 

Why lie?",TEN_GOP
134,345629680,JaneC(4Trump)‚ö°üë∑,Deplorable Nationalist. #MAGA While the Democrats cook up evil schemes to try to hurt the President of the United States we continue cleaning up their mess.,5120,4582,2011-07-30 22:40:41,@Soxfan311 @TEN_GOP What is it that you think he was charged with?,TEN_GOP
135,345629680,JaneC(4Trump)‚ö°üë∑,Deplorable Nationalist. #MAGA While the Democrats cook up evil schemes to try to hurt the President of the United States we continue cleaning up their mess.,5120,4582,2011-07-30 22:40:41,@Soxfan311 @TEN_GOP I am supposed to be under water....  Al Gore said it would be too late by now.  You get the idea of how lame it all is.,TEN_GOP
136,80851077,MusicLovingLiberal,"Lover of music, photography, hiking, & sports. Proud Liberal who counters fake news, with facts.",4448,4880,2009-10-08 13:42:56,"@jcvolt @TEN_GOP Ps no source you posted said we‚Äôd all die 10 years ago. 

You‚Äôre failing epically.",TEN_GOP
137,80851077,MusicLovingLiberal,"Lover of music, photography, hiking, & sports. Proud Liberal who counters fake news, with facts.",4448,4880,2009-10-08 13:42:56,"@jcvolt @TEN_GOP He was charged. 

You fell for their lies. 

You are gullible.",TEN_GOP
138,345629680,JaneC(4Trump)‚ö°üë∑,Deplorable Nationalist. #MAGA While the Democrats cook up evil schemes to try to hurt the President of the United States we continue cleaning up their mess.,5120,4582,2011-07-30 22:40:41,"@Soxfan311 @TEN_GOP I stand by all of my posts, and no, the Russians they indicted were people living in Russia tha‚Ä¶ https://t.co/BBGjt36OKg",TEN_GOP
139,80851077,MusicLovingLiberal,"Lover of music, photography, hiking, & sports. Proud Liberal who counters fake news, with facts.",4448,4880,2009-10-08 13:42:56,"@jcvolt @TEN_GOP They got gullible people like you to fall for their lies. 

But once again you‚Äôre missing the poin‚Ä¶ https://t.co/2YFLK6Vt46",TEN_GOP
140,345629680,JaneC(4Trump)‚ö°üë∑,Deplorable Nationalist. #MAGA While the Democrats cook up evil schemes to try to hurt the President of the United States we continue cleaning up their mess.,5120,4582,2011-07-30 22:40:41,@Soxfan311 @TEN_GOP There never was an accusation that Russia did anything other than release information and put p‚Ä¶ https://t.co/Z6fCL8bDU7,TEN_GOP
141,80851077,MusicLovingLiberal,"Lover of music, photography, hiking, & sports. Proud Liberal who counters fake news, with facts.",4448,4880,2009-10-08 13:42:56,"@jcvolt @TEN_GOP You claim you know lies?

That in itself is a lie. 

https://t.co/TbExpk5twj",TEN_GOP
142,80851077,MusicLovingLiberal,"Lover of music, photography, hiking, & sports. Proud Liberal who counters fake news, with facts.",4448,4880,2009-10-08 13:42:56,"@jcvolt @TEN_GOP Exhibit B)

You interacted with what our intelligence has asserted was a Russian troll farm poster‚Ä¶ https://t.co/TDdcFncJxm",TEN_GOP
143,1286867520,Terence,"Some of you people who are ‚ÄúWOKE‚Äù,   I think some of you need a nap.     Not Everything is a Thing",1266,1353,2013-03-21 20:24:27,@MrsZ_MAGA @realDonaldTrump With lies. You know how many memes I got with violent images of battered blond women cl‚Ä¶ https://t.co/9aCXcwrlDY,TEN_GOP
144,14503017,Dismukes,WakeUP@SheepleTV.com,475,1027,2008-04-23 23:42:16,RT @fliflisky: @WinyanStaz @TEN_GOP https://t.co/z20avLNs7K,TEN_GOP
145,761318497427173376,Nightingale üá∫üá∏üìö,Eclectic suspense mystery writer ~ Conservative Libertarian Secularist ~ Freedom-Loving Trump Supporter ~ Married 40+ years ~ No Lists! No Herd-Think!,4137,3663,2016-08-04 21:50:49,RT @fliflisky: @WinyanStaz @TEN_GOP https://t.co/z20avLNs7K,TEN_GOP
146,2834225706,Anne Fallible üêëüá±üáπüêëüè¥Û†ÅßÛ†Å¢Û†Å≥Û†Å£Û†Å¥Û†Åø,‚úùÔ∏èüá∫üá∏Nationalist whoüëÉwhat I  üëÄ and won't turn other cheek. Church militant: Christians on earth engaged in a continuous war against evil & the enemies of Christ.,2925,2497,2014-09-27 17:38:57,RT @fliflisky: @WinyanStaz @TEN_GOP https://t.co/z20avLNs7K,TEN_GOP
147,1059170292927524868,DJT Varmint Removal CO,WWG1WGA,121,339,2018-11-04 19:47:31,RT @fliflisky: @WinyanStaz @TEN_GOP https://t.co/z20avLNs7K,TEN_GOP
148,4810053920,CROOKED Killary,Congratulations Patriots üá∫üá∏Our efforts on social media supporting Donald Trump won us this election.Time to make American Great again üá∫üá∏üá∫üá∏üá∫üá∏,48906,47112,2016-01-25 01:26:07,RT @fliflisky: @WinyanStaz @TEN_GOP https://t.co/z20avLNs7K,TEN_GOP
149,1647501,Peggy Dolane,Started with ADHD then evolved into children's behavioral health advocate.,3623,350,2007-03-20 16:54:09,"RT @LouiseBagshawe: On the 12h day of Muellermas my Mueller gave to me
12 Trump indictments, 11 FISA warrants, @Ten_GOP, 9 Cohens singing,‚Ä¶",TEN_GOP
150,277222444,Mona Masters,,249,1341,2011-04-04 23:14:50,"RT @LouiseBagshawe: On the 12h day of Muellermas my Mueller gave to me
12 Trump indictments, 11 FISA warrants, @Ten_GOP, 9 Cohens singing,‚Ä¶",TEN_GOP
151,4180736069,Dmitch EX-GOP Consrv,Seek God 1st/Prolife Conserv #NeverTrump @Evan_McMullin Distr2 Electorate @Mindyfinn/3rd Cuz 4X Remov'd of Pres Abraham Lincoln/Marine Mom/Luv my Border Collie!,2196,4996,2015-11-13 18:52:58,"RT @LouiseBagshawe: On the 12h day of Muellermas my Mueller gave to me
12 Trump indictments, 11 FISA warrants, @Ten_GOP, 9 Cohens singing,‚Ä¶",TEN_GOP
152,831815773,Deirdre Walsh,"Interested in science and the humanities. Keen syfy fan, huge star trek fan. Also into current affairs and economics. Pretty curious about everything.",3651,4989,2012-09-18 20:19:56,RT @LouiseMensch: @LouiseBagshawe @TEN_GOP https://t.co/7I3rogo7SO https://t.co/fPVxoZC5ZP,TEN_GOP
153,1716914928,Resist,#TheResistance #BlueWave #PuertoRico #Resist #NoBan #NoWall #CountryOverParty #PAProud #FBR #Lefty #NoLists,1618,2334,2013-08-31 22:17:57,"RT @LouiseBagshawe: On the 12h day of Muellermas my Mueller gave to me
12 Trump indictments, 11 FISA warrants, @Ten_GOP, 9 Cohens singing,‚Ä¶",TEN_GOP
154,864523667241390080,Reuben H. Harrell,"Healing PractitionerüíÜ‚Äç‚ôÇÔ∏è‚úã, Paramedic‚öï, Fitness Enthusiast; Former Firefighter; Veteran(USCG), Animal & Music ‚ô•Ô∏èer - Utilitarian @ ‚ô•Ô∏è",402,851,2017-05-16 16:51:19,"@LouiseBagshawe @TEN_GOP Any chance you know Randy Rainbow?

Bet Randy could set the music to this...",TEN_GOP
155,561235947,Kelly Kimble,,122,579,2012-04-23 13:56:01,"RT @LouiseBagshawe: On the 12h day of Muellermas my Mueller gave to me
12 Trump indictments, 11 FISA warrants, @Ten_GOP, 9 Cohens singing,‚Ä¶",TEN_GOP
156,1918976288,UdnSpeak4me,Honor Vets. 3 generations served now ready to defend our country again. if you aren‚Äôt mature enough to discuss then don‚Äôt follow #TheResistance,9727,6900,2013-09-30 04:54:23,"RT @LouiseBagshawe: On the 12h day of Muellermas my Mueller gave to me
12 Trump indictments, 11 FISA warrants, @Ten_GOP, 9 Cohens singing,‚Ä¶",TEN_GOP
157,1918976288,UdnSpeak4me,Honor Vets. 3 generations served now ready to defend our country again. if you aren‚Äôt mature enough to discuss then don‚Äôt follow #TheResistance,9727,6900,2013-09-30 04:54:23,"RT @LouiseBagshawe: On the 11th day of Muellermas my Mueller gave to me
11 FISA warrants, @Ten_GOP, 9 Cohens singing, 8 Butina boyfriends,‚Ä¶",TEN_GOP
158,1918976288,UdnSpeak4me,Honor Vets. 3 generations served now ready to defend our country again. if you aren‚Äôt mature enough to discuss then don‚Äôt follow #TheResistance,9727,6900,2013-09-30 04:54:23,"RT @LouiseBagshawe: On the 10th day of Muellermas my Mueller gave to me
@Ten_GOP, 9 Cohens singing, 8 Butina boyfriends, Vault 7 catfish, 6‚Ä¶",TEN_GOP
159,42373491,Cris Palomino,"Artist,DEM,Country before Party #TheResistance, #FBR, #RESIST, #Œ©, #BoF #GeeksResist Unable 2 follow till 5K ""Choose people who lift you up.""~Michelle Obama",4289,4834,2009-05-25 08:19:53,RT @SlickRockWeb: Did a quick search in our archives and found these two Russian IRA accounts pushing the #SethRich hashtag @COVFEFENATIONU‚Ä¶,USA_Gunslinger
160,4473471443,Lglwry,EcclecticTwitterverseNomad ~Liberal ProgressiveBohemianüë©‚Äç‚öïÔ∏èHealing/ Empathy w/Social‚öñPolitics Edgy/Advocacy Interests Interfaith/Coexistü¶ãNature Science RT=FYI,4087,1902,2015-12-13 19:46:59,RT @SlickRockWeb: Did a quick search in our archives and found these two Russian IRA accounts pushing the #SethRich hashtag @COVFEFENATIONU‚Ä¶,USA_Gunslinger
161,47695812,Jerri Proctor,,152,384,2009-06-16 18:11:29,RT @SlickRockWeb: Did a quick search in our archives and found these two Russian IRA accounts pushing the #SethRich hashtag @COVFEFENATIONU‚Ä¶,USA_Gunslinger
162,21830426,Don't Follow Me üòÅ,"I AM Here To Bring Balance And To Use My Voice! When you think of me I hope it's fondlyüòÄ If not, then don't think about me at all!üòâ Be Still And Know I AM God",149,375,2009-02-25 03:16:10,RT @SlickRockWeb: Did a quick search in our archives and found these two Russian IRA accounts pushing the #SethRich hashtag @COVFEFENATIONU‚Ä¶,USA_Gunslinger
163,1028022611324747776,Arielle R Phoenix üåäüåäüåäüåäüåäüá∫üá∏üí´‚≠êÔ∏èüåü‚ú®üåà‚ù§Ô∏èüòáüê¨üê≥,"#MeToo #VoteThemAllOut #RoadToChange When they go low, WE GO VOTE!",985,1762,2018-08-10 20:57:45,RT @SpicyFiles: @SlickRockWeb @CovfefeNationUS @USA_Gunslinger I can‚Äôt tell you just how mad this makes me (not you) but Corsi and his ilk.‚Ä¶,USA_Gunslinger
164,1028022611324747776,Arielle R Phoenix üåäüåäüåäüåäüåäüá∫üá∏üí´‚≠êÔ∏èüåü‚ú®üåà‚ù§Ô∏èüòáüê¨üê≥,"#MeToo #VoteThemAllOut #RoadToChange When they go low, WE GO VOTE!",985,1762,2018-08-10 20:57:45,RT @SlickRockWeb: Did a quick search in our archives and found these two Russian IRA accounts pushing the #SethRich hashtag @COVFEFENATIONU‚Ä¶,USA_Gunslinger
165,1017229490949259264,Agenthades,No rest till the Fake #Mob President is in prison.,3153,734,2018-07-12 02:09:44,RT @SlickRockWeb: Did a quick search in our archives and found these two Russian IRA accounts pushing the #SethRich hashtag @COVFEFENATIONU‚Ä¶,USA_Gunslinger
166,975548535067348992,SpicyFiles,Current blogger for @Maddogpac ‚ÄúFighting corruption is not just good governance. It's self-defense. It's patriotism‚Äù -VP Joe Biden. spicyfiles@protonmail.com,48002,1474,2018-03-19 01:44:30,@SlickRockWeb @CovfefeNationUS @USA_Gunslinger I can‚Äôt tell you just how mad this makes me (not you) but Corsi and‚Ä¶ https://t.co/uTBFAD0C48,USA_Gunslinger
167,4837060487,individual-1sFedcase,"Daughter of a career Naval Flight Surgeon Sister of 2 career Army National Guardsmen Wife of a career Naval Aviator ‚Ä¢I'm difficult‚Ä¢ National ""Security Mom""",1185,538,2016-01-23 01:49:55,RT @SlickRockWeb: Did a quick search in our archives and found these two Russian IRA accounts pushing the #SethRich hashtag @COVFEFENATIONU‚Ä¶,USA_Gunslinger
168,89085489,Eric JN Ellason,"CEO of SlickRockWeb, SEO guy and part time citizen journalist. I am a numbers cruncher, problem solver, & volleyball crusher with a sprinkle of Belize #infosec",2402,1525,2009-11-11 02:25:53,Did a quick search in our archives and found these two Russian IRA accounts pushing the #SethRich hashtag‚Ä¶ https://t.co/mMkHHyrdKa,USA_Gunslinger
169,105882223,Ephra√Øm MIKADO ‚Ñ¢,"Youth belong to mankind, kind-hearted with good people i'm an advocate of a great phenomenal change in #DRC right now
you'll never walk alone
@LFC supporterTX",1257,508,2010-01-17 20:25:15,@LisaHendey @ArchbishopGomez @BerniceKing @Blklivesmatter @DMiliband @BishopJakes @repjohnlewis @Crystal1Johnson https://t.co/L3hAxojptx,Crystal1Johnson
170,105882223,Ephra√Øm MIKADO ‚Ñ¢,"Youth belong to mankind, kind-hearted with good people i'm an advocate of a great phenomenal change in #DRC right now
you'll never walk alone
@LFC supporterTX",1257,508,2010-01-17 20:25:15,@fatshi13 @RdcConclave @code243news @RFIAfrique @BlackNewsOutlet @BlkHistStudies @Crystal1Johnson @africanarchives https://t.co/L3hAxojptx,Crystal1Johnson
171,829791374023196674,Lumpyü¶ÇLuLu of the üç†YamGuardüç†,"Producer for @ActifyCHAT, content creator for @ProgActNet and the mad memer of IPM. I got the Dercums but it don't got me :) #OpDeSanitize
My reply guy is Stu",5358,3624,2017-02-09 20:37:35,RT @IamQ171717: @Crystal1Johnson @volcandeazucar The Jarawas may be one of our last links to the first human societies.  There are some bra‚Ä¶,Crystal1Johnson
172,911408850665824257,JS S,"Scio nescio ...
(... and neither does @J_SS_)",239,1055,2017-09-23 01:56:17,RT @LFredenhall: @visionsurreal @thespybrief @March_for_Trump Almost as thematic as where the phrases ‚Äúdeep state‚Äù and ‚Äúdrain the swamp‚Äù.‚Ä¶,March_for_Trump
173,911408850665824257,JS S,"Scio nescio ...
(... and neither does @J_SS_)",239,1055,2017-09-23 01:56:17,"RT @ManchuCandidate: @visionsurreal @LFredenhall @GWillicker8 @thespybrief @March_for_Trump Pre-election article, Foer wouldn't need to cha‚Ä¶",March_for_Trump
174,1414425060,"Lady Meu Meu, ""subpoena cannon"" enthusiast","Writer, crafter, Pok√©mon master. Siamese cat mom. Kinda sweary (not sorry). | Moderate Dem. ISFJ. Ravenclaw. | Never, ever stop caring. It's our superpower üò†‚úåÔ∏è",3347,4438,2013-05-09 03:16:39,"RT @visionsurreal: @GWillicker8 @LFredenhall @thespybrief @March_for_Trump Yep:

[Cambridge Analytica whistleblower Christopher Wylie says‚Ä¶",March_for_Trump
175,904787246175272961,Manchurian Candidate,"Polemicist, Disinformation/Propaganda ID, Anti-Brainwashing, Epistemological Disentanglement, Humanitarian Supremacist, Neoplatonist, On How Democracies Fail?",4745,4729,2017-09-04 19:24:24,"RT @ManchuCandidate: @visionsurreal @LFredenhall @GWillicker8 @thespybrief @March_for_Trump Another pre-election article, Trump's economic‚Ä¶",March_for_Trump
176,904787246175272961,Manchurian Candidate,"Polemicist, Disinformation/Propaganda ID, Anti-Brainwashing, Epistemological Disentanglement, Humanitarian Supremacist, Neoplatonist, On How Democracies Fail?",4745,4729,2017-09-04 19:24:24,"RT @ManchuCandidate: @visionsurreal @LFredenhall @GWillicker8 @thespybrief @March_for_Trump Pre-election article, Foer wouldn't need to cha‚Ä¶",March_for_Trump
177,904787246175272961,Manchurian Candidate,"Polemicist, Disinformation/Propaganda ID, Anti-Brainwashing, Epistemological Disentanglement, Humanitarian Supremacist, Neoplatonist, On How Democracies Fail?",4745,4729,2017-09-04 19:24:24,"@visionsurreal @LFredenhall @GWillicker8 @thespybrief @March_for_Trump Another pre-election article, Trump's econom‚Ä¶ https://t.co/lbBs8JfFwJ",March_for_Trump
178,904787246175272961,Manchurian Candidate,"Polemicist, Disinformation/Propaganda ID, Anti-Brainwashing, Epistemological Disentanglement, Humanitarian Supremacist, Neoplatonist, On How Democracies Fail?",4745,4729,2017-09-04 19:24:24,"@visionsurreal @LFredenhall @GWillicker8 @thespybrief @March_for_Trump Pre-election article, Foer wouldn't need to‚Ä¶ https://t.co/0f7cbznXiv",March_for_Trump
179,904787246175272961,Manchurian Candidate,"Polemicist, Disinformation/Propaganda ID, Anti-Brainwashing, Epistemological Disentanglement, Humanitarian Supremacist, Neoplatonist, On How Democracies Fail?",4745,4729,2017-09-04 19:24:24,RT @LFredenhall: @visionsurreal @GWillicker8 @thespybrief @March_for_Trump I don‚Äôt know the answer to that.  Probably largely just his own‚Ä¶,March_for_Trump
180,904787246175272961,Manchurian Candidate,"Polemicist, Disinformation/Propaganda ID, Anti-Brainwashing, Epistemological Disentanglement, Humanitarian Supremacist, Neoplatonist, On How Democracies Fail?",4745,4729,2017-09-04 19:24:24,"RT @visionsurreal: @LFredenhall @GWillicker8 @thespybrief @March_for_Trump Is it just Trump being Trump?

Does he feel he needs to be this‚Ä¶",March_for_Trump
181,904787246175272961,Manchurian Candidate,"Polemicist, Disinformation/Propaganda ID, Anti-Brainwashing, Epistemological Disentanglement, Humanitarian Supremacist, Neoplatonist, On How Democracies Fail?",4745,4729,2017-09-04 19:24:24,RT @LFredenhall: @visionsurreal @GWillicker8 @thespybrief @March_for_Trump The problem is the message erodes American faith in enduring nor‚Ä¶,March_for_Trump
182,904787246175272961,Manchurian Candidate,"Polemicist, Disinformation/Propaganda ID, Anti-Brainwashing, Epistemological Disentanglement, Humanitarian Supremacist, Neoplatonist, On How Democracies Fail?",4745,4729,2017-09-04 19:24:24,"RT @LFredenhall: @visionsurreal @GWillicker8 @thespybrief @March_for_Trump ‚ÄúPivot to the center‚Äù would‚Äôve been off-message.  

He is ‚Äú21st‚Ä¶",March_for_Trump
183,904787246175272961,Manchurian Candidate,"Polemicist, Disinformation/Propaganda ID, Anti-Brainwashing, Epistemological Disentanglement, Humanitarian Supremacist, Neoplatonist, On How Democracies Fail?",4745,4729,2017-09-04 19:24:24,"RT @LFredenhall: @visionsurreal @GWillicker8 @thespybrief @March_for_Trump Thematic messaging, these guys.",March_for_Trump
184,904787246175272961,Manchurian Candidate,"Polemicist, Disinformation/Propaganda ID, Anti-Brainwashing, Epistemological Disentanglement, Humanitarian Supremacist, Neoplatonist, On How Democracies Fail?",4745,4729,2017-09-04 19:24:24,RT @visionsurreal: @LFredenhall @GWillicker8 @thespybrief @March_for_Trump Reminds me how and why Trump always feels the need to repeatedly‚Ä¶,March_for_Trump
185,904787246175272961,Manchurian Candidate,"Polemicist, Disinformation/Propaganda ID, Anti-Brainwashing, Epistemological Disentanglement, Humanitarian Supremacist, Neoplatonist, On How Democracies Fail?",4745,4729,2017-09-04 19:24:24,"RT @visionsurreal: @LFredenhall @GWillicker8 @thespybrief @March_for_Trump ""Attitude inoculation¬†is a technique used to make people immune‚Ä¶",March_for_Trump
186,904787246175272961,Manchurian Candidate,"Polemicist, Disinformation/Propaganda ID, Anti-Brainwashing, Epistemological Disentanglement, Humanitarian Supremacist, Neoplatonist, On How Democracies Fail?",4745,4729,2017-09-04 19:24:24,"RT @visionsurreal: @LFredenhall @GWillicker8 @thespybrief @March_for_Trump Oh...

[Wylie added that Cambridge Analytica ""used Russian resea‚Ä¶",March_for_Trump
187,904787246175272961,Manchurian Candidate,"Polemicist, Disinformation/Propaganda ID, Anti-Brainwashing, Epistemological Disentanglement, Humanitarian Supremacist, Neoplatonist, On How Democracies Fail?",4745,4729,2017-09-04 19:24:24,"RT @LFredenhall: @visionsurreal @GWillicker8 @thespybrief @March_for_Trump Good article, peeps.

‚ÄúWylie told the panel that Russian-America‚Ä¶",March_for_Trump
188,904787246175272961,Manchurian Candidate,"Polemicist, Disinformation/Propaganda ID, Anti-Brainwashing, Epistemological Disentanglement, Humanitarian Supremacist, Neoplatonist, On How Democracies Fail?",4745,4729,2017-09-04 19:24:24,"RT @LFredenhall: @visionsurreal @GWillicker8 @thespybrief @March_for_Trump Indeed.  

Wait: 2014 you say??

Lol.

‚ÄúBeginning as early as 20‚Ä¶",March_for_Trump
189,904787246175272961,Manchurian Candidate,"Polemicist, Disinformation/Propaganda ID, Anti-Brainwashing, Epistemological Disentanglement, Humanitarian Supremacist, Neoplatonist, On How Democracies Fail?",4745,4729,2017-09-04 19:24:24,"RT @visionsurreal: @GWillicker8 @LFredenhall @thespybrief @March_for_Trump Yep:

[Cambridge Analytica whistleblower Christopher Wylie says‚Ä¶",March_for_Trump
190,904787246175272961,Manchurian Candidate,"Polemicist, Disinformation/Propaganda ID, Anti-Brainwashing, Epistemological Disentanglement, Humanitarian Supremacist, Neoplatonist, On How Democracies Fail?",4745,4729,2017-09-04 19:24:24,RT @LFredenhall: @visionsurreal @thespybrief @March_for_Trump Almost as thematic as where the phrases ‚Äúdeep state‚Äù and ‚Äúdrain the swamp‚Äù.‚Ä¶,March_for_Trump
191,904787246175272961,Manchurian Candidate,"Polemicist, Disinformation/Propaganda ID, Anti-Brainwashing, Epistemological Disentanglement, Humanitarian Supremacist, Neoplatonist, On How Democracies Fail?",4745,4729,2017-09-04 19:24:24,"RT @LFredenhall: @visionsurreal @thespybrief @March_for_Trump Good message coordination, July/August 2016 was.

Very... thematic.",March_for_Trump
192,904787246175272961,Manchurian Candidate,"Polemicist, Disinformation/Propaganda ID, Anti-Brainwashing, Epistemological Disentanglement, Humanitarian Supremacist, Neoplatonist, On How Democracies Fail?",4745,4729,2017-09-04 19:24:24,"RT @LFredenhall: @visionsurreal @thespybrief On msg:

‚ÄúBeginning on or about August 5, 2016, Defendants and their co-conspirators used the‚Ä¶",March_for_Trump
193,198002139,Chili,Sunny days from here on out!,267,436,2010-10-03 02:19:43,RT @LouiseBagshawe: @visionsurreal @sujilu @GWillicker8 @LFredenhall @thespybrief @March_for_Trump WE. WE. Is not a fucking whistleblower,March_for_Trump
194,349861452,K Saxon,"#KickOutTheKremlin2018 Proud American citizen. Independent, nonpartisan voter. I block Russian/Nazi/illiterate trolls and #TreasonWeasels.",471,1982,2011-08-06 20:37:48,"RT @LFredenhall: @LouiseBagshawe @visionsurreal @sujilu @GWillicker8 @thespybrief @March_for_Trump Lol! 

Blowing whistles after the game i‚Ä¶",March_for_Trump
195,2519690555,YesWeCan,Born in The Bronx ~ Democrat  ~ #TeamPatriot ~ Recovery Advocate ~ follow @counterchekist @louisemensch @TrueFactsStated @thespybrief,1705,4187,2014-04-30 19:56:01,"RT @LFredenhall: @visionsurreal @thespybrief On msg:

‚ÄúBeginning on or about August 5, 2016, Defendants and their co-conspirators used the‚Ä¶",March_for_Trump
196,961437082911584256,ùó©ùó®ùóñùóî ùóñùóºùó∫ùóΩùóÆùòÄùòÄ,"Fly, Fight, Win, Instill",656,68,2018-02-08 03:10:38,@Feenielives4him @GWillicker8 @visionsurreal @fairchild01 @thespybrief @March_for_Trump @carolecadwalla Boasting.‚Ä¶ https://t.co/hqzKt8cbb1,March_for_Trump
197,14573964,Laurie Brenner,Former Ed/Journo. Author. Grandma. Liberal. Loud & Opinionated. Trolls/Bots/Things/MAGAts/Doomsayers/AVIsw/Nos BLOCKED. #TeamPatriot #Mueller,6899,1498,2008-04-28 19:33:03,RT @LouiseBagshawe: @visionsurreal @sujilu @GWillicker8 @LFredenhall @thespybrief @March_for_Trump WE. WE. Is not a fucking whistleblower,March_for_Trump
198,901453217782833152,Stacyo.‚ò†Ô∏è ü¶à..'Let it bleed'..,"Diving bell and the butterfly. I tip well.
 Gorging on the most beautiful chocolate cake.Huge disappointment to family and friends.Born in Compton,Calif.1960",708,1668,2017-08-26 14:36:10,@LFredenhall @GWillicker8 @visionsurreal @fairchild01 @thespybrief @March_for_Trump I had seen it on  the very firs‚Ä¶ https://t.co/XymDtLKnRi,March_for_Trump
199,961437082911584256,ùó©ùó®ùóñùóî ùóñùóºùó∫ùóΩùóÆùòÄùòÄ,"Fly, Fight, Win, Instill",656,68,2018-02-08 03:10:38,@Feenielives4him @GWillicker8 @visionsurreal @fairchild01 @thespybrief @March_for_Trump Yep.  USAG,March_for_Trump
200,901453217782833152,Stacyo.‚ò†Ô∏è ü¶à..'Let it bleed'..,"Diving bell and the butterfly. I tip well.
 Gorging on the most beautiful chocolate cake.Huge disappointment to family and friends.Born in Compton,Calif.1960",708,1668,2017-08-26 14:36:10,@GWillicker8 @visionsurreal @fairchild01 @LFredenhall @thespybrief @March_for_Trump What !???!!!!,March_for_Trump
201,23952746,C  üá∫üá∏,Go Irish! üèà Live life to create memories. ‚úàÔ∏è Retweets are not endorsements. üõ∏,102,794,2009-03-12 14:10:01,"RT @visionsurreal: @GWillicker8 @LFredenhall @thespybrief @March_for_Trump Yep:

[Cambridge Analytica whistleblower Christopher Wylie says‚Ä¶",March_for_Trump
202,901453217782833152,Stacyo.‚ò†Ô∏è ü¶à..'Let it bleed'..,"Diving bell and the butterfly. I tip well.
 Gorging on the most beautiful chocolate cake.Huge disappointment to family and friends.Born in Compton,Calif.1960",708,1668,2017-08-26 14:36:10,"@visionsurreal @fairchild01 @GWillicker8 @LFredenhall @thespybrief @March_for_Trump Yes !! The "" Crooked Hillary"" w‚Ä¶ https://t.co/C6uSAJV0T7",March_for_Trump
203,961437082911584256,ùó©ùó®ùóñùóî ùóñùóºùó∫ùóΩùóÆùòÄùòÄ,"Fly, Fight, Win, Instill",656,68,2018-02-08 03:10:38,"@GWillicker8 @OStellaStella @visionsurreal @thespybrief @March_for_Trump Hey, we‚Äôre here.  And judging by the midte‚Ä¶ https://t.co/zbVS0gPi3a",March_for_Trump
204,961437082911584256,ùó©ùó®ùóñùóî ùóñùóºùó∫ùóΩùóÆùòÄùòÄ,"Fly, Fight, Win, Instill",656,68,2018-02-08 03:10:38,"@visionsurreal @OStellaStella @GWillicker8 @thespybrief @March_for_Trump Musing:  

That would certainly advance Kr‚Ä¶ https://t.co/SuwbnYUzGA",March_for_Trump
205,955189155226677250,ArsonCrafts,,1824,459,2018-01-21 21:23:35,"@LFredenhall @OStellaStella @GWillicker8 @thespybrief @March_for_Trump Decent likelihood ""deep state"" and ""drain th‚Ä¶ https://t.co/tApCKcS7LQ",March_for_Trump
206,961437082911584256,ùó©ùó®ùóñùóî ùóñùóºùó∫ùóΩùóÆùòÄùòÄ,"Fly, Fight, Win, Instill",656,68,2018-02-08 03:10:38,"@OStellaStella @visionsurreal @GWillicker8 @thespybrief @March_for_Trump Indeed.

The phrases themselves are part c‚Ä¶ https://t.co/xlEJhtjRRp",March_for_Trump
207,87977606,The Editor Devil,"Bestselling Author on Amazon, Editor, Journalist, Public Speaker, Goofball, Dog Lover, Book Hoarder, Chocolate Addict",3752,2843,2009-11-06 16:36:36,"RT @visionsurreal: @GWillicker8 @LFredenhall @thespybrief @March_for_Trump Yep:

[Cambridge Analytica whistleblower Christopher Wylie says‚Ä¶",March_for_Trump
208,29224679,Becky Joy,"Impressionist #Artist/#artTeacher specialties: #PleinAir, Landscape, #Sunsets, #skies and #clouds #art #scottsdale #paintings",4836,4314,2009-04-06 15:40:27,"RT @visionsurreal: @GWillicker8 @LFredenhall @thespybrief @March_for_Trump Yep:

[Cambridge Analytica whistleblower Christopher Wylie says‚Ä¶",March_for_Trump
209,982564830,Denys Zilm,California Zilm family,361,506,2012-12-01 13:44:18,"RT @LFredenhall: @LouiseBagshawe @visionsurreal @sujilu @GWillicker8 @thespybrief @March_for_Trump Lol! 

Blowing whistles after the game i‚Ä¶",March_for_Trump
210,1466234329,stillwaters,Minnesota Nice with overtones of snark. #TeamPatriot #PAMFAM,422,454,2013-05-29 02:37:44,@LouiseBagshawe @LFredenhall @visionsurreal @sujilu @GWillicker8 @thespybrief @March_for_Trump He doesn‚Äôt look so w‚Ä¶ https://t.co/5Y5gmM6ZPN,March_for_Trump
211,312029696,Louise Bagshawe,Daring to present the unmature views since 2018,22921,2933,2011-06-06 13:32:54,@roundingfourth @LFredenhall @visionsurreal @sujilu @GWillicker8 @thespybrief @March_for_Trump https://t.co/B9yGo6g5kE,March_for_Trump
212,312029696,Louise Bagshawe,Daring to present the unmature views since 2018,22921,2933,2011-06-06 13:32:54,RT @roundingfourth: @LFredenhall @LouiseBagshawe @visionsurreal @sujilu @GWillicker8 @thespybrief @March_for_Trump Foul on the play Wylie.‚Ä¶,March_for_Trump
213,312029696,Louise Bagshawe,Daring to present the unmature views since 2018,22921,2933,2011-06-06 13:32:54,"RT @LFredenhall: @LouiseBagshawe @visionsurreal @sujilu @GWillicker8 @thespybrief @March_for_Trump Lol! 

Blowing whistles after the game i‚Ä¶",March_for_Trump
214,1466234329,stillwaters,Minnesota Nice with overtones of snark. #TeamPatriot #PAMFAM,422,454,2013-05-29 02:37:44,@LFredenhall @LouiseBagshawe @visionsurreal @sujilu @GWillicker8 @thespybrief @March_for_Trump Foul on the play Wyl‚Ä¶ https://t.co/K0JTaosiDF,March_for_Trump
215,961437082911584256,ùó©ùó®ùóñùóî ùóñùóºùó∫ùóΩùóÆùòÄùòÄ,"Fly, Fight, Win, Instill",656,68,2018-02-08 03:10:38,"@LouiseBagshawe @visionsurreal @sujilu @GWillicker8 @thespybrief @March_for_Trump Lol! 

Blowing whistles after the‚Ä¶ https://t.co/nmzSEMm8Lx",March_for_Trump
216,312029696,Louise Bagshawe,Daring to present the unmature views since 2018,22921,2933,2011-06-06 13:32:54,@visionsurreal @sujilu @GWillicker8 @LFredenhall @thespybrief @March_for_Trump WE. WE. Is not a fucking whistleblower,March_for_Trump
217,36918675,Katy Hoo,"Resist Oppression, Build Solutions, Work Diligently For All.",1213,2728,2009-05-01 10:23:12,"RT @visionsurreal: @GWillicker8 @LFredenhall @thespybrief @March_for_Trump Yep:

[Cambridge Analytica whistleblower Christopher Wylie says‚Ä¶",March_for_Trump
218,961437082911584256,ùó©ùó®ùóñùóî ùóñùóºùó∫ùóΩùóÆùòÄùòÄ,"Fly, Fight, Win, Instill",656,68,2018-02-08 03:10:38,"@GWillicker8 @visionsurreal @thespybrief @March_for_Trump Grasping at increasingly nonsensical straws.

There is mo‚Ä¶ https://t.co/r3dBVDZ5vD",March_for_Trump
219,3105504436,"Canadian Cincinnatius, globalist",,96,67,2015-03-22 18:40:30,@thespybrief @joemamma_1 @visionsurreal @LFredenhall @GWillicker8 @March_for_Trump Exactly. Obama LOVED the birithe‚Ä¶ https://t.co/5NDjFLWRl5,March_for_Trump
220,961437082911584256,ùó©ùó®ùóñùóî ùóñùóºùó∫ùóΩùóÆùòÄùòÄ,"Fly, Fight, Win, Instill",656,68,2018-02-08 03:10:38,@visionsurreal @GWillicker8 @thespybrief @March_for_Trump I don‚Äôt know the answer to that.  Probably largely just h‚Ä¶ https://t.co/ExjylEzT7i,March_for_Trump
221,955189155226677250,ArsonCrafts,,1824,459,2018-01-21 21:23:35,"@LFredenhall @GWillicker8 @thespybrief @March_for_Trump Is it just Trump being Trump?

Does he feel he needs to be‚Ä¶ https://t.co/oKj5I0m5AE",March_for_Trump
222,958058190641516545,InnerSpace Force,Standing fast observing the winds of Active Measures.,257,515,2018-01-29 19:24:07,RT @LFredenhall: @visionsurreal @GWillicker8 @thespybrief @March_for_Trump The problem is the message erodes American faith in enduring nor‚Ä¶,March_for_Trump
223,958058190641516545,InnerSpace Force,Standing fast observing the winds of Active Measures.,257,515,2018-01-29 19:24:07,RT @visionsurreal: @LFredenhall @GWillicker8 @thespybrief @March_for_Trump Reminds me how and why Trump always feels the need to repeatedly‚Ä¶,March_for_Trump
224,958058190641516545,InnerSpace Force,Standing fast observing the winds of Active Measures.,257,515,2018-01-29 19:24:07,"RT @visionsurreal: @LFredenhall @GWillicker8 @thespybrief @March_for_Trump ""Attitude inoculation¬†is a technique used to make people immune‚Ä¶",March_for_Trump
225,958058190641516545,InnerSpace Force,Standing fast observing the winds of Active Measures.,257,515,2018-01-29 19:24:07,"RT @visionsurreal: @LFredenhall @GWillicker8 @thespybrief @March_for_Trump Oh...

[Wylie added that Cambridge Analytica ""used Russian resea‚Ä¶",March_for_Trump
226,958058190641516545,InnerSpace Force,Standing fast observing the winds of Active Measures.,257,515,2018-01-29 19:24:07,"RT @LFredenhall: @visionsurreal @GWillicker8 @thespybrief @March_for_Trump Indeed.  

Wait: 2014 you say??

Lol.

‚ÄúBeginning as early as 20‚Ä¶",March_for_Trump
227,961437082911584256,ùó©ùó®ùóñùóî ùóñùóºùó∫ùóΩùóÆùòÄùòÄ,"Fly, Fight, Win, Instill",656,68,2018-02-08 03:10:38,@visionsurreal @GWillicker8 @thespybrief @March_for_Trump The problem is the message erodes American faith in endur‚Ä¶ https://t.co/zvk6CUvPMv,March_for_Trump
228,961437082911584256,ùó©ùó®ùóñùóî ùóñùóºùó∫ùóΩùóÆùòÄùòÄ,"Fly, Fight, Win, Instill",656,68,2018-02-08 03:10:38,"@visionsurreal @GWillicker8 @thespybrief @March_for_Trump ‚ÄúPivot to the center‚Äù would‚Äôve been off-message.  

He is‚Ä¶ https://t.co/FT1H09TEgL",March_for_Trump
229,961437082911584256,ùó©ùó®ùóñùóî ùóñùóºùó∫ùóΩùóÆùòÄùòÄ,"Fly, Fight, Win, Instill",656,68,2018-02-08 03:10:38,"@visionsurreal @GWillicker8 @thespybrief @March_for_Trump Thematic messaging, these guys.",March_for_Trump
230,955189155226677250,ArsonCrafts,,1824,459,2018-01-21 21:23:35,@LFredenhall @GWillicker8 @thespybrief @March_for_Trump Reminds me how and why Trump always feels the need to repea‚Ä¶ https://t.co/77dN8wWYlJ,March_for_Trump
231,961437082911584256,ùó©ùó®ùóñùóî ùóñùóºùó∫ùóΩùóÆùòÄùòÄ,"Fly, Fight, Win, Instill",656,68,2018-02-08 03:10:38,"@visionsurreal @GWillicker8 @thespybrief @March_for_Trump Lol.  

‚ÄúAttitudinal inoculation‚Äù sounds, strangely, like‚Ä¶ https://t.co/6zg8CWHsED",March_for_Trump
232,955189155226677250,ArsonCrafts,,1824,459,2018-01-21 21:23:35,"@LFredenhall @GWillicker8 @thespybrief @March_for_Trump ""Attitude inoculation¬†is a technique used to make people im‚Ä¶ https://t.co/eSHUWbeRlx",March_for_Trump
233,955189155226677250,ArsonCrafts,,1824,459,2018-01-21 21:23:35,"@LFredenhall @GWillicker8 @thespybrief @March_for_Trump Oh...

[Wylie added that Cambridge Analytica ""used Russian‚Ä¶ https://t.co/l7cq0q6wcH",March_for_Trump
234,1955759778,Stella Stella,"StellaStella   Writer/ Former LEO 
talk show host WMAN",2261,4480,2013-10-12 05:13:15,@visionsurreal @GWillicker8 @LFredenhall @thespybrief @March_for_Trump Fuck.,March_for_Trump
235,961437082911584256,ùó©ùó®ùóñùóî ùóñùóºùó∫ùóΩùóÆùòÄùòÄ,"Fly, Fight, Win, Instill",656,68,2018-02-08 03:10:38,"@visionsurreal @GWillicker8 @thespybrief @March_for_Trump Good article, peeps.

‚ÄúWylie told the panel that Russian-‚Ä¶ https://t.co/Jrpitvgswe",March_for_Trump
236,1953995952,Pat X,,1117,427,2013-10-11 12:03:26,"RT @LFredenhall: @visionsurreal @GWillicker8 @thespybrief @March_for_Trump Indeed.  

Wait: 2014 you say??

Lol.

‚ÄúBeginning as early as 20‚Ä¶",March_for_Trump
237,37530795,menotu,"We are stardust, we are golden, we are billion year old carbon",1616,4837,2009-05-03 23:22:35,RT @joemamma_1: @thespybrief @visionsurreal @LFredenhall @GWillicker8 @March_for_Trump Politics makes my head hurt.,March_for_Trump
238,606663340,nemack,‚Ä¢ some snark ‚Ä¢ topped off w/a witty & approachable demeanor ‚Ä¢ all on top of tacky ‚Ä¢ i block ALL ‚ùå‚ùås But not ‚≠ïÔ∏è‚≠ïÔ∏ès,567,359,2012-06-12 21:38:03,"RT @visionsurreal: @GWillicker8 @LFredenhall @thespybrief @March_for_Trump Yep:

[Cambridge Analytica whistleblower Christopher Wylie says‚Ä¶",March_for_Trump
239,252747499,Mr. Babypants,Blue Wave is coming boys. The only male here was my dog. Don't dish it if you can't take it.,3217,4721,2011-02-15 20:41:40,"RT @LFredenhall: @visionsurreal @thespybrief On msg:

‚ÄúBeginning on or about August 5, 2016, Defendants and their co-conspirators used the‚Ä¶",March_for_Trump
240,606663340,nemack,‚Ä¢ some snark ‚Ä¢ topped off w/a witty & approachable demeanor ‚Ä¢ all on top of tacky ‚Ä¢ i block ALL ‚ùå‚ùås But not ‚≠ïÔ∏è‚≠ïÔ∏ès,567,359,2012-06-12 21:38:03,"RT @LFredenhall: @visionsurreal @thespybrief On msg:

‚ÄúBeginning on or about August 5, 2016, Defendants and their co-conspirators used the‚Ä¶",March_for_Trump
241,805636147649138689,Joe,"Radical moderate, Dad,Buckeye,Vonnegut, Gonzo, QOTSA, Coen Brothers. Monca is back.",3331,2023,2016-12-05 04:53:20,@LFredenhall @thespybrief @visionsurreal @GWillicker8 @March_for_Trump Hopefully,March_for_Trump
242,961437082911584256,ùó©ùó®ùóñùóî ùóñùóºùó∫ùóΩùóÆùòÄùòÄ,"Fly, Fight, Win, Instill",656,68,2018-02-08 03:10:38,"@joemamma_1 @thespybrief @visionsurreal @GWillicker8 @March_for_Trump Me too.  

Hypertargeting with big data of th‚Ä¶ https://t.co/Jq2wXu5ISG",March_for_Trump
243,25417067,Ed Barnard,We are in this together. We have each others' backs. We pay it forward. I do PHP; hike. SERE graduate. Photo is winter sunrise at Camp Muir by Carl Mallery.,6301,6925,2009-03-20 00:13:37,RT @joemamma_1: @thespybrief @visionsurreal @LFredenhall @GWillicker8 @March_for_Trump Politics makes my head hurt.,March_for_Trump
244,805636147649138689,Joe,"Radical moderate, Dad,Buckeye,Vonnegut, Gonzo, QOTSA, Coen Brothers. Monca is back.",3331,2023,2016-12-05 04:53:20,@GWillicker8 @thespybrief @visionsurreal @LFredenhall @March_for_Trump The so-called uniters were playing the same‚Ä¶ https://t.co/xbWlLW7vg8,March_for_Trump
245,25417067,Ed Barnard,We are in this together. We have each others' backs. We pay it forward. I do PHP; hike. SERE graduate. Photo is winter sunrise at Camp Muir by Carl Mallery.,6301,6925,2009-03-20 00:13:37,RT @joemamma_1: @thespybrief @visionsurreal @LFredenhall @GWillicker8 @March_for_Trump Wtf seems counterproductive,March_for_Trump
246,25417067,Ed Barnard,We are in this together. We have each others' backs. We pay it forward. I do PHP; hike. SERE graduate. Photo is winter sunrise at Camp Muir by Carl Mallery.,6301,6925,2009-03-20 00:13:37,"RT @visionsurreal: @LFredenhall @GWillicker8 @thespybrief @March_for_Trump And the tilling, at least in the social media realm, may even da‚Ä¶",March_for_Trump
247,25417067,Ed Barnard,We are in this together. We have each others' backs. We pay it forward. I do PHP; hike. SERE graduate. Photo is winter sunrise at Camp Muir by Carl Mallery.,6301,6925,2009-03-20 00:13:37,"RT @LFredenhall: @visionsurreal @GWillicker8 @thespybrief @March_for_Trump You almost get the feeling that the messages were built, honed.‚Ä¶",March_for_Trump
248,25417067,Ed Barnard,We are in this together. We have each others' backs. We pay it forward. I do PHP; hike. SERE graduate. Photo is winter sunrise at Camp Muir by Carl Mallery.,6301,6925,2009-03-20 00:13:37,"RT @LFredenhall: @visionsurreal @GWillicker8 @thespybrief @March_for_Trump Indeed.  

Wait: 2014 you say??

Lol.

‚ÄúBeginning as early as 20‚Ä¶",March_for_Trump
249,25417067,Ed Barnard,We are in this together. We have each others' backs. We pay it forward. I do PHP; hike. SERE graduate. Photo is winter sunrise at Camp Muir by Carl Mallery.,6301,6925,2009-03-20 00:13:37,"RT @visionsurreal: @GWillicker8 @LFredenhall @thespybrief @March_for_Trump Yep:

[Cambridge Analytica whistleblower Christopher Wylie says‚Ä¶",March_for_Trump
250,25417067,Ed Barnard,We are in this together. We have each others' backs. We pay it forward. I do PHP; hike. SERE graduate. Photo is winter sunrise at Camp Muir by Carl Mallery.,6301,6925,2009-03-20 00:13:37,RT @LFredenhall: @visionsurreal @thespybrief @March_for_Trump Almost as thematic as where the phrases ‚Äúdeep state‚Äù and ‚Äúdrain the swamp‚Äù.‚Ä¶,March_for_Trump
251,25417067,Ed Barnard,We are in this together. We have each others' backs. We pay it forward. I do PHP; hike. SERE graduate. Photo is winter sunrise at Camp Muir by Carl Mallery.,6301,6925,2009-03-20 00:13:37,"RT @LFredenhall: @visionsurreal @thespybrief @March_for_Trump Good message coordination, July/August 2016 was.

Very... thematic.",March_for_Trump
252,25417067,Ed Barnard,We are in this together. We have each others' backs. We pay it forward. I do PHP; hike. SERE graduate. Photo is winter sunrise at Camp Muir by Carl Mallery.,6301,6925,2009-03-20 00:13:37,"RT @LFredenhall: @visionsurreal @thespybrief On msg:

‚ÄúBeginning on or about August 5, 2016, Defendants and their co-conspirators used the‚Ä¶",March_for_Trump
253,805636147649138689,Joe,"Radical moderate, Dad,Buckeye,Vonnegut, Gonzo, QOTSA, Coen Brothers. Monca is back.",3331,2023,2016-12-05 04:53:20,@thespybrief @visionsurreal @LFredenhall @GWillicker8 @March_for_Trump Politics makes my head hurt.,March_for_Trump
254,805636147649138689,Joe,"Radical moderate, Dad,Buckeye,Vonnegut, Gonzo, QOTSA, Coen Brothers. Monca is back.",3331,2023,2016-12-05 04:53:20,@thespybrief @visionsurreal @LFredenhall @GWillicker8 @March_for_Trump Wtf seems counterproductive,March_for_Trump
255,961437082911584256,ùó©ùó®ùóñùóî ùóñùóºùó∫ùóΩùóÆùòÄùòÄ,"Fly, Fight, Win, Instill",656,68,2018-02-08 03:10:38,@thespybrief @visionsurreal @GWillicker8 @March_for_Trump He underestimated the addictive quality of populism.  In‚Ä¶ https://t.co/YAv3HHHBUO,March_for_Trump
256,961437082911584256,ùó©ùó®ùóñùóî ùóñùóºùó∫ùóΩùóÆùòÄùòÄ,"Fly, Fight, Win, Instill",656,68,2018-02-08 03:10:38,"@visionsurreal @GWillicker8 @thespybrief @March_for_Trump That would be an interesting revelation, no?  üòè",March_for_Trump
257,955189155226677250,ArsonCrafts,,1824,459,2018-01-21 21:23:35,@LFredenhall @GWillicker8 @thespybrief @March_for_Trump Corsi being at the heart of birtherism with Trump back in t‚Ä¶ https://t.co/MTLFfcTxvn,March_for_Trump
258,961437082911584256,ùó©ùó®ùóñùóî ùóñùóºùó∫ùóΩùóÆùòÄùòÄ,"Fly, Fight, Win, Instill",656,68,2018-02-08 03:10:38,"@visionsurreal @GWillicker8 @thespybrief @March_for_Trump Yep.  

It took preparation of the info space to combine‚Ä¶ https://t.co/umETFQw3QP",March_for_Trump
259,955189155226677250,ArsonCrafts,,1824,459,2018-01-21 21:23:35,"@LFredenhall @GWillicker8 @thespybrief @March_for_Trump Trump himself, though, his cultivation began long before as we know.",March_for_Trump
260,955189155226677250,ArsonCrafts,,1824,459,2018-01-21 21:23:35,"@LFredenhall @GWillicker8 @thespybrief @March_for_Trump And the tilling, at least in the social media realm, may ev‚Ä¶ https://t.co/JbHNuzm0w0",March_for_Trump
261,961437082911584256,ùó©ùó®ùóñùóî ùóñùóºùó∫ùóΩùóÆùòÄùòÄ,"Fly, Fight, Win, Instill",656,68,2018-02-08 03:10:38,"@visionsurreal @GWillicker8 @thespybrief @March_for_Trump You almost get the feeling that the messages were built,‚Ä¶ https://t.co/mq7xnF3kem",March_for_Trump
262,961437082911584256,ùó©ùó®ùóñùóî ùóñùóºùó∫ùóΩùóÆùòÄùòÄ,"Fly, Fight, Win, Instill",656,68,2018-02-08 03:10:38,"@visionsurreal @GWillicker8 @thespybrief @March_for_Trump Lol.

Using big data analytics to forecast market trends‚Ä¶ https://t.co/VcNo1XMjfq",March_for_Trump
263,25909944,Energy Field,"Darkness is not the opposite of light, it's the absence of light. #ADeadGOPPimpWonANevadaStateRace",1196,1103,2009-03-22 23:52:51,"RT @LFredenhall: @visionsurreal @GWillicker8 @thespybrief @March_for_Trump Indeed.  

Wait: 2014 you say??

Lol.

‚ÄúBeginning as early as 20‚Ä¶",March_for_Trump
264,996505926663393280,StayWoke,Exhausted but alert. Stay alert always.,88,847,2018-05-15 21:41:41,"RT @LFredenhall: @visionsurreal @thespybrief On msg:

‚ÄúBeginning on or about August 5, 2016, Defendants and their co-conspirators used the‚Ä¶",March_for_Trump
265,955189155226677250,ArsonCrafts,,1824,459,2018-01-21 21:23:35,"RT @LFredenhall: @visionsurreal @GWillicker8 @thespybrief @March_for_Trump Indeed.  

Wait: 2014 you say??

Lol.

‚ÄúBeginning as early as 20‚Ä¶",March_for_Trump
266,955189155226677250,ArsonCrafts,,1824,459,2018-01-21 21:23:35,@LFredenhall @GWillicker8 @thespybrief @March_for_Trump Trump trying to gaslight his own supporters over their enth‚Ä¶ https://t.co/GhTSa00Obx,March_for_Trump
267,2878775884,Neurotica Provocatrix,Autodidact. Bibliophile. Recovering Redneck. Anti-Chekist. Know that I know nothing. Sifting the 1s & 0s for bits of wisdom to amplify. Country over party.,1637,2114,2014-11-15 23:13:19,"RT @LFredenhall: @visionsurreal @GWillicker8 @thespybrief @March_for_Trump Indeed.  

Wait: 2014 you say??

Lol.

‚ÄúBeginning as early as 20‚Ä¶",March_for_Trump
268,961437082911584256,ùó©ùó®ùóñùóî ùóñùóºùó∫ùóΩùóÆùòÄùòÄ,"Fly, Fight, Win, Instill",656,68,2018-02-08 03:10:38,"@visionsurreal @GWillicker8 @thespybrief @March_for_Trump Indeed.  

Wait: 2014 you say??

Lol.

‚ÄúBeginning as earl‚Ä¶ https://t.co/j7gvKvNsFf",March_for_Trump
269,961437082911584256,ùó©ùó®ùóñùóî ùóñùóºùó∫ùóΩùóÆùòÄùòÄ,"Fly, Fight, Win, Instill",656,68,2018-02-08 03:10:38,"@GWillicker8 @visionsurreal @thespybrief @March_for_Trump He was never fond of the phrase apparently, but particula‚Ä¶ https://t.co/jvQ0bz7OUB",March_for_Trump
270,955189155226677250,ArsonCrafts,,1824,459,2018-01-21 21:23:35,"@GWillicker8 @LFredenhall @thespybrief @March_for_Trump Yep:

[Cambridge Analytica whistleblower Christopher Wylie‚Ä¶ https://t.co/D7Jxg1sbq2",March_for_Trump
271,961437082911584256,ùó©ùó®ùóñùóî ùóñùóºùó∫ùóΩùóÆùòÄùòÄ,"Fly, Fight, Win, Instill",656,68,2018-02-08 03:10:38,@visionsurreal @thespybrief @March_for_Trump Almost as thematic as where the phrases ‚Äúdeep state‚Äù and ‚Äúdrain the sw‚Ä¶ https://t.co/NcNLARr8Ck,March_for_Trump
272,961437082911584256,ùó©ùó®ùóñùóî ùóñùóºùó∫ùóΩùóÆùòÄùòÄ,"Fly, Fight, Win, Instill",656,68,2018-02-08 03:10:38,"@visionsurreal @thespybrief @March_for_Trump Good message coordination, July/August 2016 was.

Very... thematic.",March_for_Trump
273,961437082911584256,ùó©ùó®ùóñùóî ùóñùóºùó∫ùóΩùóÆùòÄùòÄ,"Fly, Fight, Win, Instill",656,68,2018-02-08 03:10:38,"@visionsurreal @thespybrief On msg:

‚ÄúBeginning on or about August 5, 2016, Defendants and their co-conspirators us‚Ä¶ https://t.co/NSFk1clNtd",March_for_Trump
274,269401456,STEPHEN NAGY,"Real Actor, Not Person. #voiceactor In the film: ""Mr. Blue Shirt: The Inspiration"". The VOICE of the Dallas Cowboys: https://t.co/C7Hhkkgiuo",6737,7405,2011-03-20 18:11:48,RT @realbadger: #FF @Jason_Horton @RebeccaZamolo @Powermouthpatty @TarynSouthern @anafree @TheJayDiaz @MarkSCarrington @JessicaLexicus @wor‚Ä¶,AndyHashtagger
275,76862633,Katt ü¶É Funny,Host of The Katt Funny Tag on @HashtagRoundup. Engaged to @klinger2069. See @KatterdayFunny & @KattSpooky. (Turn off retweets if you don't play) https://t.co/cnOLl2TNAI,38062,32363,2009-09-24 05:13:13,RT @realbadger: #FF @Jason_Horton @RebeccaZamolo @Powermouthpatty @TarynSouthern @anafree @TheJayDiaz @MarkSCarrington @JessicaLexicus @wor‚Ä¶,AndyHashtagger
276,22738203,Geoffrey Gould,Lifelong character actor (Scandal Free!); @Bucky_film SAG-AFTRA https://t.co/vWEaB3rMxg Whovian; MSTie; Hashtag Gamer; weekly online @Paraviewradio show co-host,17896,19630,2009-03-04 05:24:44,#FF @Jason_Horton @RebeccaZamolo @Powermouthpatty @TarynSouthern @anafree @TheJayDiaz @MarkSCarrington‚Ä¶ https://t.co/lL87UQU40N,AndyHashtagger
277,634505029,(((Dave))),"New family man. Electrician, avid sapio-sexual and God fearing hedonist reprobate. God bless Australia, and the stunning beauty of all women. RT me, don't FAV",2084,3270,2012-07-13 11:31:00,RT @SayNoToBOin2012: @Takeo_26 @Jenn_Abrams https://t.co/KSK8w8vrSD,Jenn_Abrams
278,105882223,Ephra√Øm MIKADO ‚Ñ¢,"Youth belong to mankind, kind-hearted with good people i'm an advocate of a great phenomenal change in #DRC right now
you'll never walk alone
@LFC supporterTX",1257,508,2010-01-17 20:25:15,@fatshi13 @RdcConclave @code243news @RFIAfrique @BlackNewsOutlet @BlkHistStudies @Crystal1Johnson @africanarchives https://t.co/L3hAxojptx,BlackNewsOutlet
